dep_station,dep_time
heroes,3943
heroes,3943
heroes,3944
heroes,3944
heroes,3944
heroes,3944
heroes,3944
heroes,3944
heroes,3944
heroes,3945
heroes,3945
heroes,3945
heroes,3945
heroes,3945
heroes,3945
heroes,3945
heroes,3945
heroes,3946
heroes,3946
heroes,3946
heroes,3946
heroes,3946
heroes,3946
heroes,3946
heroes,3946
heroes,3946
heroes,3946
heroes,3946
heroes,3946
heroes,3947
heroes,3947
heroes,3947
heroes,3947
heroes,3947
heroes,3947
heroes,3948
heroes,3948
heroes,3948
heroes,3948
heroes,3948
heroes,3948
heroes,3948
heroes,3949
heroes,3949
heroes,3949
heroes,3949
heroes,3949
heroes,3949
heroes,3949
heroes,3949
heroes,3949
heroes,3950
heroes,3950
heroes,3950
heroes,3950
heroes,3951
heroes,3951
heroes,3951
heroes,3951
heroes,3951
heroes,3952
heroes,3952
heroes,3952
heroes,3952
heroes,3952
heroes,3953
heroes,3953
heroes,3953
heroes,3953
heroes,3953
heroes,3954
heroes,3954
heroes,3954
heroes,3954
heroes,3954
heroes,3954
heroes,3954
heroes,3954
heroes,3954
heroes,3955
heroes,3955
heroes,3955
heroes,3955
heroes,3955
heroes,3955
heroes,3956
heroes,3956
heroes,3956
heroes,3956
heroes,3956
heroes,3956
heroes,3956
heroes,3957
heroes,3957
heroes,3957
heroes,3957
heroes,3957
heroes,3957
heroes,3957
heroes,3957
heroes,3957
heroes,3957
heroes,3958
heroes,3958
heroes,3958
heroes,3958
heroes,3958
heroes,3958
heroes,3959
heroes,3959
heroes,3959
heroes,3959
heroes,3959
heroes,3960
heroes,3960
heroes,3960
heroes,3960
heroes,3961
heroes,3962
heroes,3963
heroes,3966
heroes,3966
heroes,3967
heroes,3967
heroes,3968
heroes,3968
heroes,3968
heroes,3968
heroes,3968
heroes,3968
heroes,3968
heroes,3968
heroes,3969
heroes,3969
heroes,3969
heroes,3969
heroes,3971
heroes,3971
heroes,3972
heroes,3973
heroes,3973
heroes,3973
heroes,3973
heroes,3973
heroes,3974
heroes,3974
heroes,3974
heroes,3974
heroes,3974
heroes,3974
heroes,3975
heroes,3975
heroes,3976
heroes,3976
heroes,3976
heroes,3977
heroes,3977
heroes,3978
heroes,3978
heroes,3978
heroes,3978
heroes,3979
heroes,3979
heroes,3979
heroes,3979
heroes,3979
heroes,3979
heroes,3979
heroes,3980
heroes,3980
heroes,3981
heroes,3981
heroes,3981
heroes,3981
heroes,3983
heroes,3983
heroes,3983
heroes,3984
heroes,3984
heroes,3984
heroes,3984
heroes,3984
heroes,3985
heroes,3986
heroes,3986
heroes,3986
heroes,3986
heroes,3987
heroes,3988
heroes,3988
heroes,3988
heroes,3988
heroes,3988
heroes,3989
heroes,3989
heroes,3990
heroes,3990
heroes,3990
heroes,3990
heroes,3990
heroes,3991
heroes,3991
heroes,3992
heroes,3992
heroes,3992
heroes,3993
heroes,3993
heroes,3994
heroes,3994
heroes,3995
heroes,3995
heroes,3995
heroes,3995
heroes,3995
heroes,3996
heroes,3996
heroes,3996
heroes,3997
heroes,3998
heroes,3998
heroes,3998
heroes,3999
heroes,4001
heroes,4001
heroes,4001
heroes,4001
heroes,4002
heroes,4002
heroes,4002
heroes,4004
heroes,4005
heroes,4005
heroes,4005
heroes,4005
heroes,4006
heroes,4006
heroes,4007
heroes,4009
heroes,4009
heroes,4010
heroes,4010
heroes,4011
heroes,4011
heroes,4012
heroes,4012
heroes,4012
heroes,4012
heroes,4012
heroes,4012
heroes,4012
heroes,4013
heroes,4013
heroes,4014
heroes,4015
heroes,4015
heroes,4015
heroes,4016
heroes,4016
heroes,4016
heroes,4016
heroes,4017
heroes,4017
heroes,4017
heroes,4017
heroes,4018
heroes,4018
heroes,4019
heroes,4019
heroes,4019
heroes,4019
heroes,4020
heroes,4020
heroes,4021
heroes,4021
heroes,4021
heroes,4022
heroes,4022
heroes,4022
heroes,4023
heroes,4023
heroes,4023
heroes,4023
heroes,4023
heroes,4023
heroes,4023
heroes,4024
heroes,4024
heroes,4024
heroes,4024
heroes,4024
heroes,4025
heroes,4025
heroes,4026
heroes,4026
heroes,4027
heroes,4027
heroes,4028
heroes,4028
heroes,4028
heroes,4029
heroes,4029
heroes,4029
heroes,4029
heroes,4031
heroes,4032
heroes,4032
heroes,4032
heroes,4033
heroes,4033
heroes,4033
heroes,4033
heroes,4033
heroes,4034
heroes,4034
heroes,4034
heroes,4034
heroes,4034
heroes,4034
heroes,4034
heroes,4035
heroes,4035
heroes,4035
heroes,4035
heroes,4035
heroes,4035
heroes,4036
heroes,4036
heroes,4036
heroes,4036
heroes,4036
heroes,4036
heroes,4037
heroes,4037
heroes,4038
heroes,4038
heroes,4038
heroes,4038
heroes,4039
heroes,4040
heroes,4041
heroes,4041
heroes,4041
heroes,4042
heroes,4042
heroes,4043
heroes,4043
heroes,4044
heroes,4044
heroes,4044
heroes,4044
heroes,4044
heroes,4044
heroes,4044
heroes,4045
heroes,4045
heroes,4045
heroes,4046
heroes,4046
heroes,4047
heroes,4047
heroes,4047
heroes,4047
heroes,4047
heroes,4048
heroes,4048
heroes,4048
heroes,4048
heroes,4048
heroes,4049
heroes,4049
heroes,4049
heroes,4050
heroes,4050
heroes,4050
heroes,4050
heroes,4051
heroes,4051
heroes,4052
heroes,4052
heroes,4052
heroes,4053
heroes,4053
heroes,4053
heroes,4053
heroes,4053
heroes,4053
heroes,4053
heroes,4053
heroes,4054
heroes,4055
heroes,4055
heroes,4055
heroes,4055
heroes,4055
heroes,4055
heroes,4055
heroes,4056
heroes,4056
heroes,4056
heroes,4056
heroes,4057
heroes,4057
heroes,4057
heroes,4057
heroes,4058
heroes,4058
heroes,4058
heroes,4058
heroes,4058
heroes,4058
heroes,4058
heroes,4058
heroes,4058
heroes,4058
heroes,4058
heroes,4058
heroes,4059
heroes,4059
heroes,4059
heroes,4059
heroes,4060
heroes,4060
heroes,4060
heroes,4060
heroes,4060
heroes,4061
heroes,4061
heroes,4062
heroes,4062
heroes,4062
heroes,4062
heroes,4063
heroes,4063
heroes,4064
heroes,4064
heroes,4064
heroes,4064
heroes,4065
heroes,4066
heroes,4066
heroes,4066
heroes,4067
heroes,4068
heroes,4068
heroes,4068
heroes,4070
heroes,4070
heroes,4070
heroes,4070
heroes,4070
heroes,4071
heroes,4071
heroes,4072
heroes,4072
heroes,4072
heroes,4073
heroes,4073
heroes,4076
heroes,4076
heroes,4077
heroes,4077
heroes,4078
heroes,4078
heroes,4078
heroes,4079
heroes,4079
heroes,4079
heroes,4079
heroes,4079
heroes,4080
heroes,4080
heroes,4081
heroes,4082
heroes,4082
heroes,4083
heroes,4083
heroes,4084
heroes,4084
heroes,4084
heroes,4085
heroes,4085
heroes,4085
heroes,4086
heroes,4086
heroes,4087
heroes,4088
heroes,4088
heroes,4088
heroes,4089
heroes,4090
heroes,4090
heroes,4090
heroes,4091
heroes,4091
heroes,4091
heroes,4091
heroes,4092
heroes,4092
heroes,4092
heroes,4092
heroes,4093
heroes,4093
heroes,4093
heroes,4093
heroes,4093
heroes,4094
heroes,4094
heroes,4094
heroes,4095
heroes,4096
heroes,4097
heroes,4097
heroes,4097
heroes,4097
heroes,4098
heroes,4099
heroes,4099
heroes,4099
heroes,4100
heroes,4100
heroes,4102
heroes,4102
heroes,4102
heroes,4103
heroes,4104
heroes,4104
heroes,4104
heroes,4105
heroes,4105
heroes,4105
heroes,4105
heroes,4105
heroes,4105
heroes,4106
heroes,4106
heroes,4106
heroes,4107
heroes,4108
heroes,4108
heroes,4108
heroes,4109
heroes,4110
heroes,4110
heroes,4110
heroes,4111
heroes,4111
heroes,4112
heroes,4112
heroes,4112
heroes,4112
heroes,4112
heroes,4114
heroes,4114
heroes,4114
heroes,4114
heroes,4114
heroes,4115
heroes,4115
heroes,4115
heroes,4115
heroes,4115
heroes,4117
heroes,4117
heroes,4117
heroes,4117
heroes,4117
heroes,4118
heroes,4118
heroes,4118
heroes,4119
heroes,4119
heroes,4119
heroes,4119
heroes,4119
heroes,4120
heroes,4120
heroes,4120
heroes,4121
heroes,4121
heroes,4121
heroes,4122
heroes,4122
heroes,4122
heroes,4122
heroes,4122
heroes,4122
heroes,4124
heroes,4124
heroes,4124
heroes,4124
heroes,4124
heroes,4124
heroes,4124
heroes,4125
heroes,4125
heroes,4125
heroes,4126
heroes,4126
heroes,4128
heroes,4128
heroes,4129
heroes,4129
heroes,4129
heroes,4129
heroes,4129
heroes,4129
heroes,4130
heroes,4130
heroes,4132
heroes,4132
heroes,4133
heroes,4134
heroes,4134
heroes,4135
heroes,4135
heroes,4136
heroes,4137
heroes,4138
heroes,4139
heroes,4139
heroes,4140
heroes,4140
heroes,4140
heroes,4140
heroes,4141
heroes,4141
heroes,4142
heroes,4143
heroes,4143
heroes,4144
heroes,4144
heroes,4146
heroes,4146
heroes,4146
heroes,4146
heroes,4146
heroes,4150
heroes,4152
heroes,4152
heroes,4152
heroes,4152
heroes,4152
heroes,4157
heroes,4157
heroes,4157
heroes,4158
heroes,4158
heroes,4159
heroes,4160
heroes,4161
heroes,4162
heroes,4163
heroes,4163
heroes,4165
heroes,4165
heroes,4165
heroes,4167
heroes,4167
heroes,4167
heroes,4167
heroes,4169
heroes,4170
heroes,4171
heroes,4172
heroes,4174
heroes,4174
heroes,4174
heroes,4176
heroes,4177
heroes,4177
heroes,4181
heroes,4181
heroes,4181
heroes,4181
heroes,4181
heroes,4181
heroes,4184
heroes,4185
heroes,4185
heroes,4185
heroes,4185
heroes,4186
heroes,4187
heroes,4188
heroes,4189
heroes,4189
heroes,4190
heroes,4191
heroes,4193
heroes,4193
heroes,4193
heroes,4193
heroes,4195
heroes,4195
heroes,4196
heroes,4196
heroes,4196
heroes,4197
heroes,4199
heroes,4200
heroes,4201
heroes,4202
heroes,4202
heroes,4202
heroes,4203
heroes,4203
heroes,4204
heroes,4204
heroes,4204
heroes,4204
heroes,4204
heroes,4204
heroes,4205
heroes,4205
heroes,4205
heroes,4206
heroes,4206
heroes,4207
heroes,4207
heroes,4207
heroes,4208
heroes,4208
heroes,4208
heroes,4208
heroes,4208
heroes,4209
heroes,4210
heroes,4210
heroes,4211
heroes,4211
heroes,4211
heroes,4212
heroes,4212
heroes,4212
heroes,4212
heroes,4212
heroes,4213
heroes,4213
heroes,4213
heroes,4213
heroes,4213
heroes,4213
heroes,4214
heroes,4214
heroes,4214
heroes,4214
heroes,4214
heroes,4214
heroes,4215
heroes,4215
heroes,4215
heroes,4215
heroes,4215
heroes,4216
heroes,4216
heroes,4217
heroes,4217
heroes,4218
heroes,4219
heroes,4220
heroes,4220
heroes,4220
heroes,4220
heroes,4220
heroes,4221
heroes,4221
heroes,4221
heroes,4221
heroes,4221
heroes,4222
heroes,4222
heroes,4222
heroes,4222
heroes,4223
heroes,4223
heroes,4223
heroes,4224
heroes,4224
heroes,4225
heroes,4226
heroes,4226
heroes,4227
heroes,4228
heroes,4228
heroes,4228
heroes,4228
heroes,4228
heroes,4228
heroes,4228
heroes,4229
heroes,4229
heroes,4229
heroes,4230
heroes,4230
heroes,4231
heroes,4231
heroes,4231
heroes,4231
heroes,4231
heroes,4231
heroes,4232
heroes,4233
heroes,4234
heroes,4234
heroes,4235
heroes,4235
heroes,4235
heroes,4235
heroes,4236
heroes,4237
heroes,4237
heroes,4237
heroes,4238
heroes,4239
heroes,4239
heroes,4239
heroes,4239
heroes,4241
heroes,4242
heroes,4242
heroes,4243
heroes,4245
heroes,4247
heroes,4248
heroes,4248
heroes,4249
heroes,4249
heroes,4249
heroes,4249
heroes,4249
heroes,4249
heroes,4250
heroes,4250
heroes,4251
heroes,4251
heroes,4251
heroes,4252
heroes,4252
heroes,4252
heroes,4252
heroes,4253
heroes,4255
heroes,4255
heroes,4255
heroes,4255
heroes,4256
heroes,4256
heroes,4256
heroes,4256
heroes,4256
heroes,4256
heroes,4256
heroes,4258
heroes,4258
heroes,4259
heroes,4260
heroes,4260
heroes,4260
heroes,4261
heroes,4261
heroes,4261
heroes,4261
heroes,4262
heroes,4262
heroes,4263
heroes,4263
heroes,4263
heroes,4263
heroes,4263
heroes,4264
heroes,4264
heroes,4265
heroes,4265
heroes,4265
heroes,4265
heroes,4265
heroes,4266
heroes,4267
heroes,4267
heroes,4267
heroes,4267
heroes,4268
heroes,4268
heroes,4268
heroes,4268
heroes,4269
heroes,4269
heroes,4269
heroes,4269
heroes,4270
heroes,4270
heroes,4270
heroes,4271
heroes,4271
heroes,4271
heroes,4272
heroes,4272
heroes,4273
heroes,4273
heroes,4274
heroes,4275
heroes,4275
heroes,4275
heroes,4275
heroes,4277
heroes,4277
heroes,4277
heroes,4278
heroes,4278
heroes,4278
heroes,4279
heroes,4279
heroes,4279
heroes,4279
heroes,4280
heroes,4283
heroes,4285
heroes,4285
heroes,4285
heroes,4286
heroes,4286
heroes,4287
heroes,4288
heroes,4288
heroes,4288
heroes,4289
heroes,4289
heroes,4289
heroes,4289
heroes,4291
heroes,4291
heroes,4292
heroes,4294
heroes,4294
heroes,4295
heroes,4295
heroes,4295
heroes,4296
heroes,4297
heroes,4297
heroes,4297
heroes,4298
heroes,4298
heroes,4300
heroes,4300
heroes,4300
heroes,4301
heroes,4301
heroes,4302
heroes,4302
heroes,4303
heroes,4304
heroes,4305
heroes,4305
heroes,4306
heroes,4306
heroes,4308
heroes,4309
heroes,4309
heroes,4310
heroes,4311
heroes,4311
heroes,4311
heroes,4311
heroes,4312
heroes,4312
heroes,4312
heroes,4312
heroes,4312
heroes,4312
heroes,4313
heroes,4313
heroes,4313
heroes,4314
heroes,4314
heroes,4315
heroes,4316
heroes,4317
heroes,4318
heroes,4318
heroes,4319
heroes,4319
heroes,4319
heroes,4320
heroes,4320
heroes,4320
heroes,4321
heroes,4321
heroes,4321
heroes,4322
heroes,4323
heroes,4323
heroes,4324
heroes,4325
heroes,4325
heroes,4326
heroes,4326
heroes,4327
heroes,4327
heroes,4328
heroes,4328
heroes,4329
heroes,4330
heroes,4330
heroes,4330
heroes,4332
heroes,4333
heroes,4333
heroes,4333
heroes,4333
heroes,4333
heroes,4334
heroes,4334
heroes,4335
heroes,4335
heroes,4335
heroes,4335
heroes,4336
heroes,4337
heroes,4338
heroes,4338
heroes,4338
heroes,4339
heroes,4340
heroes,4341
heroes,4341
heroes,4341
heroes,4341
heroes,4342
heroes,4343
heroes,4344
heroes,4347
heroes,4348
heroes,4348
heroes,4348
heroes,4349
heroes,4349
heroes,4350
heroes,4351
heroes,4351
heroes,4352
heroes,4352
heroes,4353
heroes,4354
heroes,4354
heroes,4354
heroes,4354
heroes,4354
heroes,4355
heroes,4355
heroes,4355
heroes,4356
heroes,4356
heroes,4357
heroes,4357
heroes,4359
heroes,4359
heroes,4360
heroes,4360
heroes,4361
heroes,4361
heroes,4362
heroes,4362
heroes,4363
heroes,4363
heroes,4363
heroes,4365
heroes,4365
heroes,4365
heroes,4365
heroes,4366
heroes,4366
heroes,4367
heroes,4368
heroes,4370
heroes,4371
heroes,4371
heroes,4373
heroes,4373
heroes,4374
heroes,4374
heroes,4375
heroes,4375
heroes,4375
heroes,4375
heroes,4375
heroes,4376
heroes,4376
heroes,4376
heroes,4376
heroes,4376
heroes,4376
heroes,4376
heroes,4376
heroes,4377
heroes,4377
heroes,4378
heroes,4378
heroes,4379
heroes,4379
heroes,4380
heroes,4380
heroes,4382
heroes,4382
heroes,4382
heroes,4384
heroes,4384
heroes,4387
heroes,4387
heroes,4388
heroes,4388
heroes,4389
heroes,4390
heroes,4390
heroes,4390
heroes,4391
heroes,4394
heroes,4394
heroes,4396
heroes,4403
heroes,4403
heroes,4403
heroes,4409
heroes,4419
heroes,4446
heroes,4476
heroes,4489
heroes,4503
heroes,4516
heroes,4530
heroes,4545
heroes,4590
heroes,4622
heroes,4656
heroes,4672
heroes,4676
heroes,4694
heroes,4697
heroes,4702
heroes,4710
heroes,4743
heroes,4760
heroes,4774
heroes,4776
heroes,4796
heroes,4830
heroes,4853
heroes,4854
heroes,4856
heroes,4873
heroes,4876
heroes,4879
heroes,4888
heroes,4897
heroes,4898
heroes,4916
heroes,4965
heroes,4976
heroes,4981
heroes,4987
heroes,5036
heroes,5097
heroes,5107
heroes,5108
heroes,5118
heroes,5119
heroes,5126
heroes,5131
heroes,5131
heroes,5138
heroes,5138
heroes,5143
heroes,5154
heroes,5160
heroes,5160
heroes,5173
heroes,5183
heroes,5186
heroes,5198
heroes,5199
heroes,5200
heroes,5201
heroes,5201
heroes,5201
heroes,5201
heroes,5202
heroes,5202
heroes,5202
heroes,5204
heroes,5207
heroes,5208
heroes,5209
heroes,5210
heroes,5210
heroes,5210
heroes,5210
heroes,5212
heroes,5212
heroes,5212
heroes,5213
heroes,5213
heroes,5213
heroes,5214
heroes,5214
heroes,5215
heroes,5216
heroes,5216
heroes,5217
heroes,5217
heroes,5217
heroes,5218
heroes,5218
heroes,5219
heroes,5219
heroes,5219
heroes,5219
heroes,5220
heroes,5220
heroes,5221
heroes,5221
heroes,5221
heroes,5222
heroes,5222
heroes,5224
heroes,5224
heroes,5224
heroes,5224
heroes,5225
heroes,5225
heroes,5225
heroes,5225
heroes,5225
heroes,5225
heroes,5227
heroes,5229
heroes,5233
heroes,5233
heroes,5234
heroes,5234
heroes,5234
heroes,5234
heroes,5234
heroes,5236
heroes,5237
heroes,5238
heroes,5238
heroes,5239
heroes,5240
heroes,5241
heroes,5242
heroes,5243
heroes,5245
heroes,5246
heroes,5248
heroes,5248
heroes,5249
heroes,5249
heroes,5249
heroes,5250
heroes,5250
heroes,5250
heroes,5250
heroes,5251
heroes,5251
heroes,5251
heroes,5251
heroes,5252
heroes,5254
heroes,5255
heroes,5256
heroes,5258
heroes,5259
heroes,5259
heroes,5259
heroes,5262
heroes,5262
heroes,5265
heroes,5265
heroes,5267
heroes,5267
heroes,5268
heroes,5269
heroes,5270
heroes,5270
heroes,5271
heroes,5272
heroes,5273
heroes,5274
heroes,5275
heroes,5275
heroes,5278
heroes,5278
heroes,5279
heroes,5282
heroes,5283
heroes,5284
heroes,5287
heroes,5290
heroes,5290
heroes,5291
heroes,5293
heroes,5293
heroes,5295
heroes,5296
heroes,5296
heroes,5296
heroes,5298
heroes,5299
heroes,5300
heroes,5302
heroes,5306
heroes,5308
heroes,5309
heroes,5309
heroes,5313
heroes,5318
heroes,5322
heroes,5323
heroes,5325
heroes,5325
heroes,5326
heroes,5333
heroes,5333
heroes,5334
heroes,5335
heroes,5337
heroes,5338
heroes,5339
heroes,5340
heroes,5343
heroes,5343
heroes,5344
heroes,5344
heroes,5344
heroes,5345
heroes,5345
heroes,5345
heroes,5345
heroes,5346
heroes,5347
heroes,5347
heroes,5348
heroes,5348
heroes,5348
heroes,5349
heroes,5349
heroes,5349
heroes,5350
heroes,5352
heroes,5352
heroes,5352
heroes,5353
heroes,5353
heroes,5354
heroes,5355
heroes,5355
heroes,5355
heroes,5356
heroes,5356
heroes,5357
heroes,5358
heroes,5359
heroes,5360
heroes,5361
heroes,5361
heroes,5362
heroes,5362
heroes,5363
heroes,5364
heroes,5364
heroes,5365
heroes,5366
heroes,5366
heroes,5367
heroes,5367
heroes,5368
heroes,5368
heroes,5369
heroes,5369
heroes,5369
heroes,5369
heroes,5369
heroes,5370
heroes,5370
heroes,5371
heroes,5371
heroes,5374
heroes,5375
heroes,5376
heroes,5377
heroes,5377
heroes,5380
heroes,5382
heroes,5383
heroes,5383
heroes,5385
heroes,5386
heroes,5386
heroes,5387
heroes,5387
heroes,5388
heroes,5389
heroes,5390
heroes,5390
heroes,5391
heroes,5393
heroes,5393
heroes,5393
heroes,5394
heroes,5395
heroes,5395
heroes,5397
heroes,5397
heroes,5397
heroes,5402
heroes,5404
heroes,5406
heroes,5406
heroes,5407
heroes,5407
heroes,5408
heroes,5408
heroes,5410
heroes,5411
heroes,5411
heroes,5413
heroes,5415
heroes,5415
heroes,5417
heroes,5420
heroes,5422
heroes,5424
heroes,5426
heroes,5428
heroes,5431
heroes,5432
heroes,5433
heroes,5435
heroes,5436
heroes,5437
heroes,5437
heroes,5437
heroes,5438
heroes,5439
heroes,5440
heroes,5440
heroes,5440
heroes,5440
heroes,5442
heroes,5442
heroes,5442
heroes,5442
heroes,5443
heroes,5444
heroes,5444
heroes,5445
heroes,5446
heroes,5446
heroes,5446
heroes,5448
heroes,5449
heroes,5450
heroes,5450
heroes,5451
heroes,5452
heroes,5452
heroes,5452
heroes,5452
heroes,5452
heroes,5453
heroes,5453
heroes,5453
heroes,5453
heroes,5456
heroes,5456
heroes,5457
heroes,5458
heroes,5459
heroes,5460
heroes,5460
heroes,5460
heroes,5460
heroes,5460
heroes,5461
heroes,5461
heroes,5462
heroes,5465
heroes,5466
heroes,5466
heroes,5467
heroes,5468
heroes,5470
heroes,5472
heroes,5473
heroes,5473
heroes,5474
heroes,5475
heroes,5476
heroes,5481
heroes,5481
heroes,5481
heroes,5485
heroes,5486
heroes,5486
heroes,5487
heroes,5487
heroes,5488
heroes,5488
heroes,5490
heroes,5490
heroes,5490
heroes,5491
heroes,5491
heroes,5492
heroes,5493
heroes,5493
heroes,5493
heroes,5494
heroes,5496
heroes,5498
heroes,5499
heroes,5499
heroes,5500
heroes,5501
heroes,5502
heroes,5503
heroes,5504
heroes,5504
heroes,5505
heroes,5505
heroes,5507
heroes,5507
heroes,5507
heroes,5508
heroes,5510
heroes,5510
heroes,5511
heroes,5511
heroes,5513
heroes,5515
heroes,5519
heroes,5519
heroes,5520
heroes,5521
heroes,5522
heroes,5522
heroes,5523
heroes,5523
heroes,5527
heroes,5528
heroes,5528
heroes,5528
heroes,5529
heroes,5533
heroes,5536
heroes,5538
heroes,5538
heroes,5538
heroes,5540
heroes,5541
heroes,5542
heroes,5543
heroes,5546
heroes,5547
heroes,5547
heroes,5548
heroes,5549
heroes,5550
heroes,5552
heroes,5554
heroes,5556
heroes,5556
heroes,5556
heroes,5560
heroes,5562
heroes,5566
heroes,5567
heroes,5568
heroes,5569
heroes,5569
heroes,5570
heroes,5574
heroes,5574
heroes,5575
heroes,5576
heroes,5578
heroes,5578
heroes,5579
heroes,5580
heroes,5581
heroes,5582
heroes,5583
heroes,5584
heroes,5587
heroes,5587
heroes,5589
heroes,5591
heroes,5596
heroes,5597
heroes,5598
heroes,5601
heroes,5605
heroes,5605
heroes,5605
heroes,5605
heroes,5605
heroes,5606
heroes,5607
heroes,5608
heroes,5609
heroes,5609
heroes,5609
heroes,5609
heroes,5610
heroes,5611
heroes,5612
heroes,5612
heroes,5613
heroes,5613
heroes,5613
heroes,5614
heroes,5614
heroes,5614
heroes,5614
heroes,5614
heroes,5614
heroes,5614
heroes,5615
heroes,5615
heroes,5617
heroes,5617
heroes,5618
heroes,5618
heroes,5618
heroes,5619
heroes,5619
heroes,5620
heroes,5621
heroes,5621
heroes,5622
heroes,5623
heroes,5624
heroes,5624
heroes,5624
heroes,5627
heroes,5627
heroes,5628
heroes,5628
heroes,5628
heroes,5628
heroes,5629
heroes,5630
heroes,5630
heroes,5630
heroes,5630
heroes,5631
heroes,5631
heroes,5632
heroes,5635
heroes,5636
heroes,5636
heroes,5637
heroes,5637
heroes,5637
heroes,5638
heroes,5638
heroes,5638
heroes,5639
heroes,5640
heroes,5641
heroes,5641
heroes,5641
heroes,5642
heroes,5642
heroes,5643
heroes,5644
heroes,5645
heroes,5645
heroes,5647
heroes,5650
heroes,5651
heroes,5652
heroes,5652
heroes,5653
heroes,5654
heroes,5655
heroes,5656
heroes,5657
heroes,5658
heroes,5658
heroes,5659
heroes,5659
heroes,5659
heroes,5659
heroes,5661
heroes,5661
heroes,5662
heroes,5663
heroes,5663
heroes,5663
heroes,5664
heroes,5666
heroes,5667
heroes,5667
heroes,5667
heroes,5668
heroes,5668
heroes,5670
heroes,5671
heroes,5672
heroes,5672
heroes,5673
heroes,5674
heroes,5674
heroes,5674
heroes,5678
heroes,5679
heroes,5680
heroes,5681
heroes,5681
heroes,5682
heroes,5682
heroes,5684
heroes,5684
heroes,5685
heroes,5686
heroes,5686
heroes,5687
heroes,5688
heroes,5689
heroes,5692
heroes,5693
heroes,5694
heroes,5695
heroes,5695
heroes,5697
heroes,5697
heroes,5698
heroes,5701
heroes,5701
heroes,5701
heroes,5701
heroes,5702
heroes,5703
heroes,5705
heroes,5706
heroes,5706
heroes,5707
heroes,5707
heroes,5708
heroes,5709
heroes,5711
heroes,5711
heroes,5711
heroes,5711
heroes,5712
heroes,5712
heroes,5714
heroes,5714
heroes,5714
heroes,5716
heroes,5717
heroes,5717
heroes,5718
heroes,5718
heroes,5720
heroes,5721
heroes,5721
heroes,5722
heroes,5722
heroes,5722
heroes,5723
heroes,5724
heroes,5724
heroes,5724
heroes,5725
heroes,5725
heroes,5726
heroes,5727
heroes,5728
heroes,5728
heroes,5728
heroes,5729
heroes,5730
heroes,5731
heroes,5732
heroes,5733
heroes,5734
heroes,5734
heroes,5735
heroes,5735
heroes,5735
heroes,5735
heroes,5735
heroes,5736
heroes,5736
heroes,5736
heroes,5737
heroes,5737
heroes,5738
heroes,5738
heroes,5738
heroes,5739
heroes,5739
heroes,5739
heroes,5739
heroes,5740
heroes,5740
heroes,5741
heroes,5743
heroes,5746
heroes,5747
heroes,5747
heroes,5748
heroes,5748
heroes,5748
heroes,5748
heroes,5749
heroes,5750
heroes,5750
heroes,5750
heroes,5751
heroes,5751
heroes,5752
heroes,5753
heroes,5753
heroes,5753
heroes,5754
heroes,5756
heroes,5756
heroes,5756
heroes,5756
heroes,5757
heroes,5758
heroes,5759
heroes,5759
heroes,5759
heroes,5760
heroes,5760
heroes,5760
heroes,5761
heroes,5761
heroes,5762
heroes,5762
heroes,5762
heroes,5762
heroes,5762
heroes,5763
heroes,5763
heroes,5764
heroes,5765
heroes,5765
heroes,5766
heroes,5766
heroes,5768
heroes,5770
heroes,5770
heroes,5770
heroes,5771
heroes,5771
heroes,5771
heroes,5772
heroes,5773
heroes,5773
heroes,5773
heroes,5776
heroes,5776
heroes,5777
heroes,5778
heroes,5778
heroes,5778
heroes,5779
heroes,5779
heroes,5781
heroes,5781
heroes,5783
heroes,5784
heroes,5784
heroes,5784
heroes,5785
heroes,5786
heroes,5786
heroes,5786
heroes,5786
heroes,5786
heroes,5787
heroes,5787
heroes,5788
heroes,5788
heroes,5790
heroes,5790
heroes,5790
heroes,5791
heroes,5791
heroes,5791
heroes,5791
heroes,5791
heroes,5792
heroes,5792
heroes,5792
heroes,5793
heroes,5793
heroes,5794
heroes,5794
heroes,5794
heroes,5794
heroes,5796
heroes,5796
heroes,5797
heroes,5797
heroes,5798
heroes,5799
heroes,5799
heroes,5799
heroes,5800
heroes,5801
heroes,5801
heroes,5803
heroes,5803
heroes,5804
heroes,5805
heroes,5805
heroes,5806
heroes,5806
heroes,5806
heroes,5808
heroes,5808
heroes,5808
heroes,5809
heroes,5809
heroes,5809
heroes,5809
heroes,5809
heroes,5810
heroes,5810
heroes,5811
heroes,5811
heroes,5812
heroes,5812
heroes,5812
heroes,5813
heroes,5813
heroes,5814
heroes,5814
heroes,5815
heroes,5815
heroes,5816
heroes,5816
heroes,5816
heroes,5817
heroes,5817
heroes,5818
heroes,5818
heroes,5818
heroes,5818
heroes,5819
heroes,5820
heroes,5821
heroes,5821
heroes,5821
heroes,5821
heroes,5822
heroes,5822
heroes,5822
heroes,5822
heroes,5822
heroes,5823
heroes,5824
heroes,5826
heroes,5826
heroes,5826
heroes,5828
heroes,5828
heroes,5828
heroes,5829
heroes,5831
heroes,5831
heroes,5831
heroes,5831
heroes,5832
heroes,5833
heroes,5833
heroes,5834
heroes,5835
heroes,5835
heroes,5835
heroes,5836
heroes,5837
heroes,5838
heroes,5838
heroes,5839
heroes,5841
heroes,5841
heroes,5843
heroes,5843
heroes,5843
heroes,5843
heroes,5844
heroes,5844
heroes,5845
heroes,5846
heroes,5846
heroes,5860
heroes,5861
heroes,5861
heroes,5862
heroes,5866
heroes,5866
heroes,5866
heroes,5867
heroes,5867
heroes,5870
heroes,5871
heroes,5871
heroes,5871
heroes,5871
heroes,5874
heroes,5874
heroes,5876
heroes,5877
heroes,5882
heroes,5882
heroes,5883
heroes,5883
heroes,5883
heroes,5884
heroes,5884
heroes,5885
heroes,5885
heroes,5886
heroes,5886
heroes,5886
heroes,5886
heroes,5887
heroes,5887
heroes,5887
heroes,5890
heroes,5891
heroes,5891
heroes,5892
heroes,5893
heroes,5893
heroes,5893
heroes,5894
heroes,5894
heroes,5895
heroes,5895
heroes,5896
heroes,5896
heroes,5896
heroes,5898
heroes,5900
heroes,5901
heroes,5901
heroes,5901
heroes,5903
heroes,5903
heroes,5905
heroes,5906
heroes,5906
heroes,5907
heroes,5908
heroes,5910
heroes,5911
heroes,5911
heroes,5916
heroes,5916
heroes,5917
heroes,5918
heroes,5918
heroes,5918
heroes,5919
heroes,5919
heroes,5919
heroes,5920
heroes,5920
heroes,5920
heroes,5921
heroes,5922
heroes,5922
heroes,5923
heroes,5923
heroes,5924
heroes,5924
heroes,5924
heroes,5925
heroes,5925
heroes,5925
heroes,5926
heroes,5929
heroes,5930
heroes,5931
heroes,5937
heroes,5938
heroes,5938
heroes,5939
heroes,5939
heroes,5939
heroes,5941
heroes,5941
heroes,5941
heroes,5944
heroes,5945
heroes,5945
heroes,5945
heroes,5945
heroes,5945
heroes,5946
heroes,5946
heroes,5947
heroes,5947
heroes,5947
heroes,5948
heroes,5949
heroes,5949
heroes,5950
heroes,5951
heroes,5951
heroes,5952
heroes,5952
heroes,5952
heroes,5953
heroes,5954
heroes,5955
heroes,5955
heroes,5955
heroes,5955
heroes,5955
heroes,5955
heroes,5957
heroes,5957
heroes,5958
heroes,5958
heroes,5958
heroes,5958
heroes,5959
heroes,5959
heroes,5960
heroes,5960
heroes,5960
heroes,5960
heroes,5961
heroes,5961
heroes,5963
heroes,5963
heroes,5965
heroes,5965
heroes,5965
heroes,5971
heroes,5971
heroes,5972
heroes,5974
heroes,5978
heroes,5978
heroes,5979
heroes,5979
heroes,5979
heroes,5979
heroes,5980
heroes,5982
heroes,5982
heroes,5983
heroes,5983
heroes,5984
heroes,5984
heroes,5985
heroes,5985
heroes,5985
heroes,5985
heroes,5986
heroes,5987
heroes,5987
heroes,5987
heroes,5988
heroes,5989
heroes,5990
heroes,5991
heroes,5991
heroes,5991
heroes,5991
heroes,5992
heroes,5992
heroes,5993
heroes,5994
heroes,5994
heroes,5994
heroes,5995
heroes,5995
heroes,5995
heroes,5996
heroes,5996
heroes,5996
heroes,5997
heroes,5997
heroes,5997
heroes,5997
heroes,5998
heroes,5998
heroes,5998
heroes,5998
heroes,5998
heroes,5998
heroes,5998
heroes,5999
heroes,5999
heroes,6000
heroes,6001
heroes,6001
heroes,6001
heroes,6002
heroes,6003
heroes,6003
heroes,6003
heroes,6003
heroes,6004
heroes,6004
heroes,6006
heroes,6006
heroes,6006
heroes,6006
heroes,6006
heroes,6007
heroes,6007
heroes,6007
heroes,6007
heroes,6007
heroes,6008
heroes,6008
heroes,6008
heroes,6008
heroes,6008
heroes,6009
heroes,6009
heroes,6009
heroes,6010
heroes,6010
heroes,6011
heroes,6012
heroes,6012
heroes,6012
heroes,6012
heroes,6013
heroes,6013
heroes,6013
heroes,6014
heroes,6014
heroes,6014
heroes,6014
heroes,6015
heroes,6015
heroes,6016
heroes,6017
heroes,6017
heroes,6017
heroes,6017
heroes,6018
heroes,6018
heroes,6018
heroes,6018
heroes,6018
heroes,6019
heroes,6019
heroes,6020
heroes,6020
heroes,6021
heroes,6022
heroes,6022
heroes,6022
heroes,6022
heroes,6022
heroes,6024
heroes,6024
heroes,6025
heroes,6025
heroes,6026
heroes,6026
heroes,6026
heroes,6027
heroes,6027
heroes,6028
heroes,6028
heroes,6029
heroes,6029
heroes,6029
heroes,6029
heroes,6029
heroes,6030
heroes,6030
heroes,6030
heroes,6031
heroes,6031
heroes,6032
heroes,6032
heroes,6032
heroes,6034
heroes,6036
heroes,6037
heroes,6037
heroes,6037
heroes,6037
heroes,6038
heroes,6038
heroes,6039
heroes,6039
heroes,6040
heroes,6041
heroes,6042
heroes,6042
heroes,6042
heroes,6047
heroes,6049
heroes,6049
heroes,6049
heroes,6050
heroes,6050
heroes,6050
heroes,6051
heroes,6053
heroes,6053
heroes,6053
heroes,6055
heroes,6055
heroes,6055
heroes,6056
heroes,6056
heroes,6057
heroes,6057
heroes,6058
heroes,6058
heroes,6059
heroes,6059
heroes,6060
heroes,6060
heroes,6060
heroes,6061
heroes,6061
heroes,6062
heroes,6062
heroes,6063
heroes,6063
heroes,6063
heroes,6064
heroes,6064
heroes,6065
heroes,6065
heroes,6066
heroes,6066
heroes,6066
heroes,6067
heroes,6067
heroes,6068
heroes,6069
heroes,6070
heroes,6070
heroes,6070
heroes,6071
heroes,6071
heroes,6071
heroes,6072
heroes,6073
heroes,6074
heroes,6075
heroes,6075
heroes,6075
heroes,6075
heroes,6076
heroes,6078
heroes,6078
heroes,6078
heroes,6079
heroes,6079
heroes,6080
heroes,6081
heroes,6081
heroes,6081
heroes,6081
heroes,6082
heroes,6082
heroes,6083
heroes,6083
heroes,6083
heroes,6085
heroes,6085
heroes,6085
heroes,6085
heroes,6086
heroes,6086
heroes,6087
heroes,6087
heroes,6087
heroes,6088
heroes,6089
heroes,6089
heroes,6090
heroes,6090
heroes,6090
heroes,6091
heroes,6092
heroes,6093
heroes,6095
heroes,6095
heroes,6096
heroes,6096
heroes,6096
heroes,6097
heroes,6097
heroes,6099
heroes,6100
heroes,6103
heroes,6103
heroes,6103
heroes,6103
heroes,6104
heroes,6104
heroes,6105
heroes,6105
heroes,6105
heroes,6106
heroes,6106
heroes,6106
heroes,6107
heroes,6107
heroes,6107
heroes,6109
heroes,6109
heroes,6111
heroes,6112
heroes,6112
heroes,6113
heroes,6113
heroes,6114
heroes,6114
heroes,6115
heroes,6116
heroes,6117
heroes,6117
heroes,6117
heroes,6118
heroes,6118
heroes,6119
heroes,6121
heroes,6121
heroes,6122
heroes,6124
heroes,6124
heroes,6125
heroes,6125
heroes,6126
heroes,6127
heroes,6128
heroes,6129
heroes,6129
heroes,6130
heroes,6130
heroes,6130
heroes,6130
heroes,6131
heroes,6131
heroes,6134
heroes,6134
heroes,6135
heroes,6136
heroes,6137
heroes,6137
heroes,6138
heroes,6138
heroes,6138
heroes,6139
heroes,6139
heroes,6140
heroes,6141
heroes,6142
heroes,6142
heroes,6143
heroes,6143
heroes,6143
heroes,6144
heroes,6144
heroes,6146
heroes,6146
heroes,6146
heroes,6147
heroes,6148
heroes,6149
heroes,6149
heroes,6150
heroes,6151
heroes,6151
heroes,6151
heroes,6152
heroes,6153
heroes,6153
heroes,6153
heroes,6154
heroes,6155
heroes,6155
heroes,6155
heroes,6156
heroes,6157
heroes,6157
heroes,6157
heroes,6158
heroes,6158
heroes,6161
heroes,6162
heroes,6162
heroes,6164
heroes,6164
heroes,6165
heroes,6165
heroes,6166
heroes,6167
heroes,6167
heroes,6167
heroes,6167
heroes,6167
heroes,6168
heroes,6168
heroes,6169
heroes,6169
heroes,6169
heroes,6169
heroes,6171
heroes,6171
heroes,6171
heroes,6171
heroes,6172
heroes,6172
heroes,6172
heroes,6172
heroes,6172
heroes,6172
heroes,6173
heroes,6173
heroes,6173
heroes,6173
heroes,6173
heroes,6173
heroes,6174
heroes,6174
heroes,6175
heroes,6176
heroes,6176
heroes,6177
heroes,6177
heroes,6178
heroes,6179
heroes,6180
heroes,6182
heroes,6183
heroes,6183
heroes,6183
heroes,6184
heroes,6184
heroes,6184
heroes,6185
heroes,6186
heroes,6186
heroes,6186
heroes,6187
heroes,6188
heroes,6188
heroes,6188
heroes,6189
heroes,6189
heroes,6189
heroes,6191
heroes,6191
heroes,6192
heroes,6192
heroes,6192
heroes,6192
heroes,6193
heroes,6193
heroes,6193
heroes,6194
heroes,6194
heroes,6195
heroes,6196
heroes,6196
heroes,6197
heroes,6197
heroes,6197
heroes,6199
heroes,6201
heroes,6202
heroes,6202
heroes,6202
heroes,6202
heroes,6202
heroes,6203
heroes,6206
heroes,6206
heroes,6206
heroes,6206
heroes,6210
heroes,6210
heroes,6210
heroes,6211
heroes,6211
heroes,6212
heroes,6212
heroes,6212
heroes,6212
heroes,6212
heroes,6212
heroes,6213
heroes,6213
heroes,6214
heroes,6214
heroes,6214
heroes,6215
heroes,6217
heroes,6217
heroes,6218
heroes,6219
heroes,6219
heroes,6219
heroes,6220
heroes,6221
heroes,6223
heroes,6227
heroes,6231
heroes,6232
heroes,6232
heroes,6232
heroes,6233
heroes,6234
heroes,6237
heroes,6237
heroes,6238
heroes,6238
heroes,6239
heroes,6239
heroes,6239
heroes,6240
heroes,6240
heroes,6241
heroes,6242
heroes,6242
heroes,6242
heroes,6242
heroes,6243
heroes,6243
heroes,6244
heroes,6244
heroes,6245
heroes,6247
heroes,6247
heroes,6248
heroes,6248
heroes,6249
heroes,6249
heroes,6249
heroes,6249
heroes,6250
heroes,6250
heroes,6251
heroes,6251
heroes,6252
heroes,6253
heroes,6254
heroes,6255
heroes,6255
heroes,6256
heroes,6258
heroes,6259
heroes,6259
heroes,6259
heroes,6260
heroes,6260
heroes,6261
heroes,6261
heroes,6263
heroes,6264
heroes,6264
heroes,6265
heroes,6265
heroes,6267
heroes,6267
heroes,6267
heroes,6271
heroes,6272
heroes,6273
heroes,6273
heroes,6274
heroes,6275
heroes,6275
heroes,6276
heroes,6276
heroes,6277
heroes,6280
heroes,6281
heroes,6281
heroes,6281
heroes,6282
heroes,6282
heroes,6283
heroes,6283
heroes,6284
heroes,6286
heroes,6286
heroes,6286
heroes,6287
heroes,6288
heroes,6290
heroes,6290
heroes,6291
heroes,6291
heroes,6292
heroes,6292
heroes,6293
heroes,6294
heroes,6294
heroes,6295
heroes,6296
heroes,6296
heroes,6298
heroes,6299
heroes,6301
heroes,6302
heroes,6303
heroes,6303
heroes,6304
heroes,6304
heroes,6305
heroes,6305
heroes,6305
heroes,6305
heroes,6305
heroes,6306
heroes,6306
heroes,6306
heroes,6307
heroes,6307
heroes,6307
heroes,6308
heroes,6308
heroes,6309
heroes,6309
heroes,6310
heroes,6310
heroes,6311
heroes,6312
heroes,6313
heroes,6313
heroes,6314
heroes,6315
heroes,6315
heroes,6316
heroes,6317
heroes,6317
heroes,6317
heroes,6318
heroes,6319
heroes,6324
heroes,6327
heroes,6328
heroes,6329
heroes,6330
heroes,6331
heroes,6334
heroes,6335
heroes,6336
heroes,6336
heroes,6337
heroes,6338
heroes,6338
heroes,6338
heroes,6339
heroes,6341
heroes,6342
heroes,6343
heroes,6344
heroes,6347
heroes,6349
heroes,6350
heroes,6351
heroes,6351
heroes,6352
heroes,6352
heroes,6352
heroes,6352
heroes,6353
heroes,6354
heroes,6354
heroes,6355
heroes,6355
heroes,6357
heroes,6357
heroes,6359
heroes,6360
heroes,6363
heroes,6365
heroes,6365
heroes,6366
heroes,6366
heroes,6367
heroes,6368
heroes,6368
heroes,6371
heroes,6371
heroes,6371
heroes,6371
heroes,6371
heroes,6372
heroes,6372
heroes,6373
heroes,6374
heroes,6374
heroes,6375
heroes,6375
heroes,6376
heroes,6376
heroes,6376
heroes,6376
heroes,6378
heroes,6379
heroes,6381
heroes,6381
heroes,6382
heroes,6382
heroes,6383
heroes,6383
heroes,6384
heroes,6385
heroes,6386
heroes,6386
heroes,6387
heroes,6388
heroes,6388
heroes,6389
heroes,6389
heroes,6391
heroes,6391
heroes,6392
heroes,6392
heroes,6394
heroes,6395
heroes,6395
heroes,6396
heroes,6397
heroes,6398
heroes,6398
heroes,6400
heroes,6401
heroes,6402
heroes,6402
heroes,6403
heroes,6404
heroes,6404
heroes,6408
heroes,6408
heroes,6409
heroes,6410
heroes,6411
heroes,6412
heroes,6412
heroes,6412
heroes,6413
heroes,6414
heroes,6414
heroes,6415
heroes,6415
heroes,6416
heroes,6417
heroes,6417
heroes,6418
heroes,6418
heroes,6418
heroes,6419
heroes,6420
heroes,6421
heroes,6422
heroes,6422
heroes,6424
heroes,6426
heroes,6428
heroes,6429
heroes,6429
heroes,6430
heroes,6431
heroes,6431
heroes,6432
heroes,6433
heroes,6433
heroes,6433
heroes,6437
heroes,6439
heroes,6439
heroes,6441
heroes,6444
heroes,6444
heroes,6444
heroes,6445
heroes,6445
heroes,6446
heroes,6446
heroes,6448
heroes,6449
heroes,6450
heroes,6451
heroes,6453
heroes,6455
heroes,6458
heroes,6459
heroes,6461
heroes,6462
heroes,6462
heroes,6462
heroes,6463
heroes,6463
heroes,6464
heroes,6468
heroes,6469
heroes,6472
heroes,6472
heroes,6473
heroes,6476
heroes,6477
heroes,6484
heroes,6485
heroes,6485
heroes,6490
heroes,6490
heroes,6491
heroes,6492
heroes,6494
heroes,6496
heroes,6497
heroes,6499
heroes,6500
heroes,6501
heroes,6502
heroes,6503
heroes,6503
heroes,6503
heroes,6503
heroes,6503
heroes,6504
heroes,6504
heroes,6505
heroes,6506
heroes,6506
heroes,6509
heroes,6511
heroes,6512
heroes,6514
heroes,6515
heroes,6515
heroes,6516
heroes,6517
heroes,6517
heroes,6520
heroes,6523
heroes,6524
heroes,6524
heroes,6530
heroes,6531
heroes,6532
heroes,6533
heroes,6535
heroes,6535
heroes,6535
heroes,6538
heroes,6540
heroes,6540
heroes,6541
heroes,6543
heroes,6544
heroes,6549
heroes,6551
heroes,6555
heroes,6556
heroes,6563
heroes,6565
heroes,6565
heroes,6570
heroes,6574
heroes,6575
heroes,6581
heroes,6587
heroes,6589
heroes,6592
heroes,6593
heroes,6593
heroes,6594
heroes,6594
heroes,6596
heroes,6597
heroes,6597
heroes,6597
heroes,6598
heroes,6599
heroes,6599
heroes,6599
heroes,6599
heroes,6601
heroes,6601
heroes,6601
heroes,6602
heroes,6602
heroes,6602
heroes,6603
heroes,6603
heroes,6604
heroes,6605
heroes,6606
heroes,6608
heroes,6608
heroes,6609
heroes,6610
heroes,6610
heroes,6611
heroes,6613
heroes,6613
heroes,6614
heroes,6614
heroes,6617
heroes,6617
heroes,6618
heroes,6618
heroes,6618
heroes,6619
heroes,6620
heroes,6620
heroes,6620
heroes,6621
heroes,6621
heroes,6622
heroes,6622
heroes,6623
heroes,6623
heroes,6623
heroes,6623
heroes,6623
heroes,6624
heroes,6625
heroes,6627
heroes,6629
heroes,6631
heroes,6631
heroes,6632
heroes,6635
heroes,6635
heroes,6635
heroes,6636
heroes,6640
heroes,6640
heroes,6641
heroes,6641
heroes,6642
heroes,6642
heroes,6642
heroes,6643
heroes,6645
heroes,6646
heroes,6646
heroes,6646
heroes,6646
heroes,6648
heroes,6648
heroes,6649
heroes,6651
heroes,6653
heroes,6653
heroes,6654
heroes,6654
heroes,6655
heroes,6655
heroes,6656
heroes,6656
heroes,6657
heroes,6657
heroes,6659
heroes,6659
heroes,6660
heroes,6660
heroes,6662
heroes,6662
heroes,6663
heroes,6663
heroes,6664
heroes,6664
heroes,6665
heroes,6666
heroes,6667
heroes,6667
heroes,6667
heroes,6668
heroes,6668
heroes,6669
heroes,6669
heroes,6669
heroes,6669
heroes,6670
heroes,6670
heroes,6671
heroes,6671
heroes,6671
heroes,6671
heroes,6671
heroes,6672
heroes,6673
heroes,6675
heroes,6675
heroes,6676
heroes,6678
heroes,6679
heroes,6679
heroes,6680
heroes,6680
heroes,6682
heroes,6683
heroes,6685
heroes,6688
heroes,6689
heroes,6690
heroes,6691
heroes,6692
heroes,6692
heroes,6693
heroes,6696
heroes,6698
heroes,6698
heroes,6699
heroes,6700
heroes,6702
heroes,6702
heroes,6703
heroes,6705
heroes,6706
heroes,6706
heroes,6706
heroes,6707
heroes,6708
heroes,6711
heroes,6712
heroes,6713
heroes,6713
heroes,6714
heroes,6715
heroes,6717
heroes,6718
heroes,6721
heroes,6723
heroes,6724
heroes,6725
heroes,6725
heroes,6725
heroes,6727
heroes,6727
heroes,6728
heroes,6728
heroes,6729
heroes,6729
heroes,6730
heroes,6730
heroes,6731
heroes,6732
heroes,6733
heroes,6737
heroes,6740
heroes,6745
heroes,6746
heroes,6749
heroes,6750
heroes,6752
heroes,6754
heroes,6754
heroes,6758
heroes,6758
heroes,6759
heroes,6760
heroes,6761
heroes,6761
heroes,6763
heroes,6766
heroes,6768
heroes,6768
heroes,6769
heroes,6773
heroes,6776
heroes,6776
heroes,6776
heroes,6776
heroes,6777
heroes,6779
heroes,6781
heroes,6782
heroes,6783
heroes,6785
heroes,6787
heroes,6790
heroes,6792
heroes,6794
heroes,6796
heroes,6796
heroes,6802
heroes,6804
heroes,6804
heroes,6805
heroes,6805
heroes,6806
heroes,6806
heroes,6806
heroes,6812
heroes,6813
heroes,6813
heroes,6815
heroes,6815
heroes,6818
heroes,6819
heroes,6821
heroes,6822
heroes,6823
heroes,6827
heroes,6827
heroes,6828
heroes,6829
heroes,6833
heroes,6834
heroes,6834
heroes,6836
heroes,6836
heroes,6837
heroes,6843
heroes,6844
heroes,6846
heroes,6847
heroes,6847
heroes,6848
heroes,6855
heroes,6856
heroes,6859
heroes,6859
heroes,6860
heroes,6860
heroes,6860
heroes,6861
heroes,6863
heroes,6863
heroes,6863
heroes,6864
heroes,6866
heroes,6866
heroes,6868
heroes,6869
heroes,6872
heroes,6872
heroes,6873
heroes,6874
heroes,6874
heroes,6874
heroes,6875
heroes,6875
heroes,6876
heroes,6877
heroes,6878
heroes,6878
heroes,6878
heroes,6879
heroes,6880
heroes,6880
heroes,6880
heroes,6881
heroes,6884
heroes,6884
heroes,6885
heroes,6885
heroes,6887
heroes,6888
heroes,6888
heroes,6889
heroes,6897
heroes,6897
heroes,6898
heroes,6898
heroes,6904
heroes,6904
heroes,6906
heroes,6906
heroes,6909
heroes,6910
heroes,6910
heroes,6912
heroes,6915
heroes,6920
heroes,6920
heroes,6930
heroes,6931
heroes,6931
heroes,6932
heroes,6932
heroes,6932
heroes,6932
heroes,6933
heroes,6933
heroes,6933
heroes,6935
heroes,6936
heroes,6937
heroes,6937
heroes,6939
heroes,6939
heroes,6939
heroes,6941
heroes,6942
heroes,6942
heroes,6944
heroes,6944
heroes,6946
heroes,6947
heroes,6947
heroes,6947
heroes,6948
heroes,6950
heroes,6950
heroes,6951
heroes,6952
heroes,6952
heroes,6953
heroes,6953
heroes,6954
heroes,6955
heroes,6955
heroes,6955
heroes,6955
heroes,6955
heroes,6956
heroes,6956
heroes,6957
heroes,6957
heroes,6957
heroes,6959
heroes,6960
heroes,6960
heroes,6960
heroes,6961
heroes,6962
heroes,6962
heroes,6963
heroes,6966
heroes,6966
heroes,6970
heroes,6970
heroes,6970
heroes,6971
heroes,6972
heroes,6972
heroes,6972
heroes,6972
heroes,6973
heroes,6973
heroes,6976
heroes,6976
heroes,6976
heroes,6977
heroes,6979
heroes,6981
heroes,6982
heroes,6982
heroes,6982
heroes,6983
heroes,6984
heroes,6984
heroes,6985
heroes,6987
heroes,6987
heroes,6987
heroes,6987
heroes,6988
heroes,6988
heroes,6988
heroes,6988
heroes,6990
heroes,6990
heroes,6991
heroes,6991
heroes,6991
heroes,6991
heroes,6992
heroes,6992
heroes,6994
heroes,6994
heroes,6994
heroes,6994
heroes,6995
heroes,6996
heroes,6997
heroes,6997
heroes,6998
heroes,6998
heroes,6999
heroes,6999
heroes,6999
heroes,6999
heroes,7000
heroes,7000
heroes,7001
heroes,7001
heroes,7002
heroes,7002
heroes,7002
heroes,7003
heroes,7003
heroes,7003
heroes,7004
heroes,7005
heroes,7006
heroes,7006
heroes,7007
heroes,7007
heroes,7009
heroes,7009
heroes,7009
heroes,7009
heroes,7010
heroes,7012
heroes,7013
heroes,7014
heroes,7014
heroes,7014
heroes,7014
heroes,7015
heroes,7015
heroes,7015
heroes,7015
heroes,7015
heroes,7016
heroes,7017
heroes,7017
heroes,7017
heroes,7017
heroes,7018
heroes,7018
heroes,7019
heroes,7020
heroes,7020
heroes,7020
heroes,7020
heroes,7020
heroes,7020
heroes,7021
heroes,7022
heroes,7022
heroes,7024
heroes,7024
heroes,7025
heroes,7025
heroes,7025
heroes,7026
heroes,7027
heroes,7028
heroes,7028
heroes,7028
heroes,7029
heroes,7029
heroes,7031
heroes,7032
heroes,7032
heroes,7032
heroes,7033
heroes,7034
heroes,7034
heroes,7035
heroes,7035
heroes,7036
heroes,7037
heroes,7039
heroes,7040
heroes,7040
heroes,7041
heroes,7041
heroes,7042
heroes,7043
heroes,7043
heroes,7044
heroes,7044
heroes,7045
heroes,7046
heroes,7048
heroes,7048
heroes,7051
heroes,7052
heroes,7053
heroes,7054
heroes,7054
heroes,7054
heroes,7055
heroes,7055
heroes,7056
heroes,7057
heroes,7058
heroes,7061
heroes,7061
heroes,7062
heroes,7062
heroes,7062
heroes,7062
heroes,7064
heroes,7066
heroes,7067
heroes,7068
heroes,7069
heroes,7069
heroes,7073
heroes,7076
heroes,7076
heroes,7076
heroes,7077
heroes,7077
heroes,7078
heroes,7078
heroes,7078
heroes,7079
heroes,7080
heroes,7080
heroes,7080
heroes,7082
heroes,7082
heroes,7084
heroes,7084
heroes,7085
heroes,7085
heroes,7086
heroes,7087
heroes,7087
heroes,7088
heroes,7091
heroes,7091
heroes,7093
heroes,7093
heroes,7093
heroes,7095
heroes,7095
heroes,7099
heroes,7100
heroes,7101
heroes,7101
heroes,7102
heroes,7104
heroes,7105
heroes,7105
heroes,7107
heroes,7107
heroes,7108
heroes,7109
heroes,7110
heroes,7110
heroes,7114
heroes,7116
heroes,7116
heroes,7116
heroes,7118
heroes,7119
heroes,7120
heroes,7121
heroes,7124
heroes,7125
heroes,7129
heroes,7133
heroes,7135
heroes,7136
heroes,7138
heroes,7140
heroes,7142
heroes,7152
heroes,7155
heroes,7157
heroes,7157
heroes,7157
heroes,7158
heroes,7158
heroes,7158
heroes,7164
heroes,7165
heroes,7166
heroes,7167
heroes,7169
heroes,7169
heroes,7173
heroes,7175
heroes,7177
heroes,7179
heroes,7179
heroes,7179
heroes,7179
heroes,7179
heroes,7179
heroes,7181
heroes,7181
heroes,7182
heroes,7182
heroes,7183
heroes,7184
heroes,7185
heroes,7187
heroes,7188
heroes,7190
heroes,7192
heroes,7192
heroes,7194
heroes,7196
heroes,7196
heroes,7197
heroes,7197
heroes,7198
heroes,7199
heroes,7200
heroes,7201
heroes,7201
heroes,7201
heroes,7202
heroes,7203
heroes,7204
heroes,7205
heroes,7206
heroes,7207
heroes,7209
heroes,7210
heroes,7211
heroes,7211
heroes,7213
heroes,7218
heroes,7225
heroes,7225
heroes,7226
heroes,7227
heroes,7227
heroes,7229
heroes,7230
heroes,7231
heroes,7232
heroes,7233
heroes,7233
heroes,7234
heroes,7235
heroes,7238
heroes,7238
heroes,7238
heroes,7239
heroes,7239
heroes,7240
heroes,7240
heroes,7241
heroes,7241
heroes,7242
heroes,7243
heroes,7244
heroes,7247
heroes,7248
heroes,7250
heroes,7250
heroes,7251
heroes,7251
heroes,7251
heroes,7252
heroes,7254
heroes,7254
heroes,7254
heroes,7254
heroes,7255
heroes,7255
heroes,7255
heroes,7256
heroes,7256
heroes,7257
heroes,7257
heroes,7257
heroes,7257
heroes,7258
heroes,7259
heroes,7259
heroes,7259
heroes,7259
heroes,7260
heroes,7260
heroes,7260
heroes,7260
heroes,7261
heroes,7262
heroes,7262
heroes,7263
heroes,7264
heroes,7264
heroes,7264
heroes,7264
heroes,7265
heroes,7265
heroes,7266
heroes,7266
heroes,7266
heroes,7266
heroes,7267
heroes,7267
heroes,7267
heroes,7268
heroes,7268
heroes,7268
heroes,7268
heroes,7268
heroes,7269
heroes,7269
heroes,7269
heroes,7269
heroes,7270
heroes,7271
heroes,7272
heroes,7272
heroes,7273
heroes,7273
heroes,7274
heroes,7274
heroes,7274
heroes,7275
heroes,7275
heroes,7275
heroes,7276
heroes,7276
heroes,7276
heroes,7278
heroes,7279
heroes,7281
heroes,7281
heroes,7283
heroes,7283
heroes,7284
heroes,7285
heroes,7286
heroes,7292
heroes,7298
heroes,7301
heroes,7302
heroes,7311
heroes,7313
heroes,7317
heroes,7319
heroes,7319
heroes,7322
heroes,7325
heroes,7326
heroes,7328
heroes,7328
heroes,7330
heroes,7333
heroes,7336
heroes,7341
heroes,7342
heroes,7343
heroes,7344
heroes,7345
heroes,7345
heroes,7347
heroes,7347
heroes,7348
heroes,7349
heroes,7349
heroes,7349
heroes,7349
heroes,7350
heroes,7350
heroes,7351
heroes,7352
heroes,7352
heroes,7352
heroes,7352
heroes,7353
heroes,7354
heroes,7355
heroes,7355
heroes,7357
heroes,7358
heroes,7359
heroes,7360
heroes,7361
heroes,7362
heroes,7362
heroes,7363
heroes,7363
heroes,7365
heroes,7365
heroes,7366
heroes,7366
heroes,7369
heroes,7370
heroes,7371
heroes,7371
heroes,7372
heroes,7373
heroes,7375
heroes,7375
heroes,7376
heroes,7376
heroes,7377
heroes,7378
heroes,7381
heroes,7384
heroes,7386
heroes,7386
heroes,7387
heroes,7388
heroes,7389
heroes,7394
heroes,7399
heroes,7411
heroes,7411
heroes,7414
heroes,7416
heroes,7418
heroes,7418
heroes,7418
heroes,7421
heroes,7421
heroes,7423
heroes,7424
heroes,7426
heroes,7426
heroes,7426
heroes,7427
heroes,7428
heroes,7429
heroes,7430
heroes,7431
heroes,7433
heroes,7433
heroes,7433
heroes,7434
heroes,7436
heroes,7437
heroes,7437
heroes,7438
heroes,7438
heroes,7441
heroes,7441
heroes,7442
heroes,7443
heroes,7444
heroes,7446
heroes,7446
heroes,7447
heroes,7448
heroes,7449
heroes,7450
heroes,7451
heroes,7454
heroes,7455
heroes,7455
heroes,7456
heroes,7458
heroes,7459
heroes,7461
heroes,7464
heroes,7465
heroes,7466
heroes,7467
heroes,7467
heroes,7468
heroes,7468
heroes,7470
heroes,7471
heroes,7473
heroes,7473
heroes,7474
heroes,7474
heroes,7475
heroes,7475
heroes,7477
heroes,7477
heroes,7477
heroes,7478
heroes,7479
heroes,7479
heroes,7479
heroes,7479
heroes,7480
heroes,7480
heroes,7481
heroes,7481
heroes,7482
heroes,7482
heroes,7485
heroes,7485
heroes,7485
heroes,7486
heroes,7487
heroes,7487
heroes,7488
heroes,7488
heroes,7490
heroes,7491
heroes,7492
heroes,7492
heroes,7494
heroes,7497
heroes,7498
heroes,7498
heroes,7498
heroes,7499
heroes,7499
heroes,7499
heroes,7500
heroes,7500
heroes,7501
heroes,7502
heroes,7502
heroes,7502
heroes,7503
heroes,7503
heroes,7504
heroes,7505
heroes,7505
heroes,7505
heroes,7506
heroes,7508
heroes,7509
heroes,7509
heroes,7511
heroes,7511
heroes,7511
heroes,7512
heroes,7512
heroes,7513
heroes,7513
heroes,7514
heroes,7514
heroes,7514
heroes,7515
heroes,7515
heroes,7515
heroes,7518
heroes,7519
heroes,7519
heroes,7519
heroes,7520
heroes,7520
heroes,7521
heroes,7521
heroes,7523
heroes,7523
heroes,7523
heroes,7523
heroes,7524
heroes,7524
heroes,7524
heroes,7525
heroes,7526
heroes,7531
heroes,7532
heroes,7532
heroes,7534
heroes,7535
heroes,7537
heroes,7537
heroes,7537
heroes,7539
heroes,7542
heroes,7544
heroes,7545
heroes,7545
heroes,7546
heroes,7546
heroes,7547
heroes,7547
heroes,7547
heroes,7548
heroes,7549
heroes,7549
heroes,7551
heroes,7551
heroes,7553
heroes,7556
heroes,7557
heroes,7558
heroes,7558
heroes,7559
heroes,7560
heroes,7561
heroes,7563
heroes,7565
heroes,7566
heroes,7567
heroes,7568
heroes,7568
heroes,7569
heroes,7573
heroes,7578
heroes,7579
heroes,7581
heroes,7583
heroes,7584
heroes,7587
heroes,7588
heroes,7590
heroes,7593
heroes,7593
heroes,7596
heroes,7599
heroes,7602
heroes,7605
heroes,7606
heroes,7606
heroes,7607
heroes,7608
heroes,7609
heroes,7610
heroes,7610
heroes,7610
heroes,7611
heroes,7611
heroes,7611
heroes,7612
heroes,7612
heroes,7612
heroes,7612
heroes,7612
heroes,7613
heroes,7613
heroes,7613
heroes,7613
heroes,7614
heroes,7614
heroes,7614
heroes,7615
heroes,7616
heroes,7617
heroes,7617
heroes,7618
heroes,7618
heroes,7621
heroes,7622
heroes,7625
heroes,7625
heroes,7627
heroes,7628
heroes,7631
heroes,7631
heroes,7631
heroes,7631
heroes,7632
heroes,7632
heroes,7632
heroes,7633
heroes,7635
heroes,7638
heroes,7640
heroes,7640
heroes,7643
heroes,7643
heroes,7644
heroes,7644
heroes,7644
heroes,7645
heroes,7645
heroes,7645
heroes,7646
heroes,7646
heroes,7647
heroes,7647
heroes,7648
heroes,7648
heroes,7649
heroes,7649
heroes,7650
heroes,7652
heroes,7652
heroes,7652
heroes,7653
heroes,7653
heroes,7654
heroes,7654
heroes,7655
heroes,7655
heroes,7655
heroes,7655
heroes,7655
heroes,7655
heroes,7655
heroes,7656
heroes,7657
heroes,7657
heroes,7658
heroes,7658
heroes,7658
heroes,7659
heroes,7660
heroes,7660
heroes,7660
heroes,7660
heroes,7662
heroes,7662
heroes,7663
heroes,7663
heroes,7663
heroes,7664
heroes,7665
heroes,7666
heroes,7667
heroes,7669
heroes,7671
heroes,7672
heroes,7672
heroes,7672
heroes,7673
heroes,7673
heroes,7673
heroes,7674
heroes,7674
heroes,7674
heroes,7674
heroes,7676
heroes,7676
heroes,7676
heroes,7677
heroes,7677
heroes,7678
heroes,7680
heroes,7680
heroes,7681
heroes,7682
heroes,7682
heroes,7682
heroes,7683
heroes,7684
heroes,7685
heroes,7685
heroes,7685
heroes,7686
heroes,7686
heroes,7687
heroes,7687
heroes,7688
heroes,7688
heroes,7689
heroes,7689
heroes,7689
heroes,7689
heroes,7690
heroes,7690
heroes,7690
heroes,7691
heroes,7691
heroes,7691
heroes,7691
heroes,7692
heroes,7692
heroes,7693
heroes,7693
heroes,7694
heroes,7695
heroes,7695
heroes,7695
heroes,7696
heroes,7696
heroes,7698
heroes,7698
heroes,7699
heroes,7699
heroes,7700
heroes,7701
heroes,7702
heroes,7703
heroes,7703
heroes,7704
heroes,7704
heroes,7704
heroes,7704
heroes,7705
heroes,7706
heroes,7706
heroes,7706
heroes,7706
heroes,7706
heroes,7707
heroes,7709
heroes,7709
heroes,7710
heroes,7710
heroes,7712
heroes,7713
heroes,7714
heroes,7714
heroes,7714
heroes,7714
heroes,7714
heroes,7715
heroes,7715
heroes,7715
heroes,7716
heroes,7716
heroes,7716
heroes,7716
heroes,7717
heroes,7717
heroes,7718
heroes,7720
heroes,7722
heroes,7722
heroes,7722
heroes,7724
heroes,7724
heroes,7725
heroes,7728
heroes,7729
heroes,7729
heroes,7731
heroes,7732
heroes,7732
heroes,7733
heroes,7733
heroes,7733
heroes,7733
heroes,7734
heroes,7734
heroes,7735
heroes,7736
heroes,7736
heroes,7737
heroes,7737
heroes,7738
heroes,7740
heroes,7740
heroes,7742
heroes,7743
heroes,7743
heroes,7743
heroes,7744
heroes,7744
heroes,7745
heroes,7745
heroes,7748
heroes,7752
heroes,7752
heroes,7753
heroes,7753
heroes,7754
heroes,7754
heroes,7755
heroes,7756
heroes,7756
heroes,7758
heroes,7759
heroes,7759
heroes,7759
heroes,7760
heroes,7760
heroes,7760
heroes,7760
heroes,7763
heroes,7764
heroes,7765
heroes,7765
heroes,7767
heroes,7768
heroes,7769
heroes,7769
heroes,7772
heroes,7773
heroes,7775
heroes,7777
heroes,7777
heroes,7778
heroes,7778
heroes,7783
heroes,7783
heroes,7784
heroes,7785
heroes,7785
heroes,7787
heroes,7789
heroes,7789
heroes,7789
heroes,7789
heroes,7790
heroes,7790
heroes,7790
heroes,7790
heroes,7791
heroes,7793
heroes,7794
heroes,7795
heroes,7795
heroes,7795
heroes,7796
heroes,7796
heroes,7796
heroes,7796
heroes,7798
heroes,7799
heroes,7799
heroes,7800
heroes,7800
heroes,7802
heroes,7803
heroes,7806
heroes,7808
heroes,7809
heroes,7809
heroes,7809
heroes,7811
heroes,7812
heroes,7812
heroes,7812
heroes,7814
heroes,7816
heroes,7817
heroes,7818
heroes,7819
heroes,7820
heroes,7821
heroes,7821
heroes,7822
heroes,7825
heroes,7826
heroes,7827
heroes,7828
heroes,7828
heroes,7829
heroes,7830
heroes,7831
heroes,7831
heroes,7832
heroes,7832
heroes,7837
heroes,7838
heroes,7840
heroes,7841
heroes,7842
heroes,7842
heroes,7842
heroes,7843
heroes,7844
heroes,7844
heroes,7845
heroes,7848
heroes,7848
heroes,7851
heroes,7851
heroes,7851
heroes,7854
heroes,7855
heroes,7855
heroes,7857
heroes,7857
heroes,7857
heroes,7858
heroes,7858
heroes,7859
heroes,7859
heroes,7859
heroes,7859
heroes,7860
heroes,7860
heroes,7861
heroes,7861
heroes,7862
heroes,7862
heroes,7864
heroes,7866
heroes,7868
heroes,7868
heroes,7869
heroes,7872
heroes,7873
heroes,7873
heroes,7873
heroes,7874
heroes,7875
heroes,7876
heroes,7876
heroes,7878
heroes,7879
heroes,7880
heroes,7880
heroes,7882
heroes,7883
heroes,7884
heroes,7885
heroes,7885
heroes,7886
heroes,7886
heroes,7887
heroes,7887
heroes,7888
heroes,7888
heroes,7889
heroes,7890
heroes,7890
heroes,7892
heroes,7894
heroes,7895
heroes,7898
heroes,7898
heroes,7899
heroes,7900
heroes,7902
heroes,7903
heroes,7903
heroes,7903
heroes,7903
heroes,7905
heroes,7906
heroes,7906
heroes,7906
heroes,7909
heroes,7910
heroes,7912
heroes,7912
heroes,7914
heroes,7915
heroes,7917
heroes,7920
heroes,7921
heroes,7922
heroes,7922
heroes,7923
heroes,7923
heroes,7925
heroes,7925
heroes,7927
heroes,7930
heroes,7931
heroes,7932
heroes,7935
heroes,7935
heroes,7937
heroes,7937
heroes,7937
heroes,7939
heroes,7939
heroes,7939
heroes,7940
heroes,7940
heroes,7940
heroes,7941
heroes,7941
heroes,7943
heroes,7944
heroes,7945
heroes,7946
heroes,7947
heroes,7948
heroes,7949
heroes,7950
heroes,7950
heroes,7950
heroes,7951
heroes,7954
heroes,7955
heroes,7956
heroes,7956
heroes,7958
heroes,7959
heroes,7962
heroes,7967
heroes,7967
heroes,7968
heroes,7970
heroes,7972
heroes,7974
heroes,7976
heroes,7977
heroes,7979
heroes,7980
heroes,7981
heroes,7986
heroes,7987
heroes,7988
heroes,7988
heroes,7988
heroes,7989
heroes,7991
heroes,7991
heroes,7995
heroes,7997
heroes,7998
heroes,7999
heroes,8000
heroes,8000
heroes,8001
heroes,8002
heroes,8003
heroes,8004
heroes,8004
heroes,8004
heroes,8005
heroes,8006
heroes,8008
heroes,8008
heroes,8010
heroes,8011
heroes,8013
heroes,8013
heroes,8013
heroes,8015
heroes,8020
heroes,8021
heroes,8022
heroes,8022
heroes,8024
heroes,8025
heroes,8025
heroes,8026
heroes,8027
heroes,8028
heroes,8034
heroes,8034
heroes,8036
heroes,8037
heroes,8039
heroes,8039
heroes,8041
heroes,8042
heroes,8042
heroes,8043
heroes,8043
heroes,8043
heroes,8049
heroes,8050
heroes,8054
heroes,8055
heroes,8058
heroes,8058
heroes,8058
heroes,8059
heroes,8060
heroes,8061
heroes,8061
heroes,8062
heroes,8062
heroes,8062
heroes,8062
heroes,8064
heroes,8065
heroes,8065
heroes,8067
heroes,8068
heroes,8069
heroes,8069
heroes,8070
heroes,8071
heroes,8072
heroes,8073
heroes,8073
heroes,8073
heroes,8074
heroes,8074
heroes,8074
heroes,8074
heroes,8076
heroes,8077
heroes,8078
heroes,8079
heroes,8080
heroes,8080
heroes,8080
heroes,8080
heroes,8081
heroes,8081
heroes,8081
heroes,8083
heroes,8083
heroes,8083
heroes,8085
heroes,8087
heroes,8087
heroes,8088
heroes,8090
heroes,8092
heroes,8092
heroes,8092
heroes,8093
heroes,8094
heroes,8096
heroes,8098
heroes,8098
heroes,8098
heroes,8099
heroes,8099
heroes,8100
heroes,8102
heroes,8104
heroes,8106
heroes,8106
heroes,8106
heroes,8107
heroes,8107
heroes,8108
heroes,8108
heroes,8109
heroes,8110
heroes,8113
heroes,8113
heroes,8114
heroes,8114
heroes,8114
heroes,8115
heroes,8116
heroes,8117
heroes,8118
heroes,8118
heroes,8118
heroes,8119
heroes,8120
heroes,8121
heroes,8122
heroes,8122
heroes,8123
heroes,8125
heroes,8125
heroes,8126
heroes,8127
heroes,8130
heroes,8131
heroes,8132
heroes,8133
heroes,8133
heroes,8133
heroes,8134
heroes,8134
heroes,8136
heroes,8137
heroes,8138
heroes,8138
heroes,8139
heroes,8143
heroes,8143
heroes,8145
heroes,8147
heroes,8148
heroes,8149
heroes,8153
heroes,8153
heroes,8154
heroes,8155
heroes,8155
heroes,8155
heroes,8156
heroes,8157
heroes,8157
heroes,8157
heroes,8157
heroes,8158
heroes,8158
heroes,8160
heroes,8160
heroes,8160
heroes,8161
heroes,8162
heroes,8163
heroes,8163
heroes,8163
heroes,8164
heroes,8164
heroes,8165
heroes,8165
heroes,8166
heroes,8166
heroes,8166
heroes,8167
heroes,8168
heroes,8173
heroes,8173
heroes,8178
heroes,8179
heroes,8181
heroes,8183
heroes,8183
heroes,8185
heroes,8185
heroes,8186
heroes,8188
heroes,8189
heroes,8189
heroes,8189
heroes,8191
heroes,8192
heroes,8195
heroes,8195
heroes,8197
heroes,8197
heroes,8197
heroes,8197
heroes,8198
heroes,8198
heroes,8198
heroes,8198
heroes,8198
heroes,8198
heroes,8199
heroes,8200
heroes,8200
heroes,8201
heroes,8202
heroes,8202
heroes,8203
heroes,8203
heroes,8203
heroes,8203
heroes,8203
heroes,8203
heroes,8204
heroes,8204
heroes,8205
heroes,8205
heroes,8205
heroes,8205
heroes,8205
heroes,8205
heroes,8205
heroes,8206
heroes,8206
heroes,8206
heroes,8206
heroes,8207
heroes,8207
heroes,8207
heroes,8208
heroes,8208
heroes,8208
heroes,8208
heroes,8208
heroes,8209
heroes,8211
heroes,8212
heroes,8212
heroes,8213
heroes,8214
heroes,8214
heroes,8214
heroes,8215
heroes,8216
heroes,8216
heroes,8218
heroes,8218
heroes,8219
heroes,8219
heroes,8220
heroes,8220
heroes,8221
heroes,8221
heroes,8228
heroes,8231
heroes,8232
heroes,8233
heroes,8233
heroes,8233
heroes,8234
heroes,8235
heroes,8235
heroes,8236
heroes,8236
heroes,8236
heroes,8237
heroes,8237
heroes,8238
heroes,8240
heroes,8240
heroes,8242
heroes,8242
heroes,8243
heroes,8243
heroes,8244
heroes,8244
heroes,8244
heroes,8245
heroes,8245
heroes,8245
heroes,8245
heroes,8246
heroes,8247
heroes,8247
heroes,8248
heroes,8249
heroes,8249
heroes,8250
heroes,8251
heroes,8253
heroes,8253
heroes,8254
heroes,8256
heroes,8258
heroes,8259
heroes,8260
heroes,8260
heroes,8261
heroes,8262
heroes,8262
heroes,8263
heroes,8263
heroes,8264
heroes,8264
heroes,8264
heroes,8265
heroes,8267
heroes,8267
heroes,8267
heroes,8268
heroes,8268
heroes,8269
heroes,8269
heroes,8270
heroes,8270
heroes,8270
heroes,8271
heroes,8271
heroes,8274
heroes,8275
heroes,8275
heroes,8275
heroes,8275
heroes,8276
heroes,8276
heroes,8278
heroes,8278
heroes,8278
heroes,8278
heroes,8282
heroes,8282
heroes,8284
heroes,8287
heroes,8287
heroes,8288
heroes,8288
heroes,8289
heroes,8290
heroes,8291
heroes,8291
heroes,8294
heroes,8294
heroes,8294
heroes,8295
heroes,8295
heroes,8296
heroes,8297
heroes,8299
heroes,8299
heroes,8299
heroes,8300
heroes,8301
heroes,8302
heroes,8303
heroes,8304
heroes,8306
heroes,8306
heroes,8308
heroes,8309
heroes,8311
heroes,8311
heroes,8312
heroes,8312
heroes,8313
heroes,8314
heroes,8314
heroes,8315
heroes,8317
heroes,8317
heroes,8317
heroes,8318
heroes,8320
heroes,8320
heroes,8320
heroes,8321
heroes,8321
heroes,8321
heroes,8323
heroes,8323
heroes,8324
heroes,8324
heroes,8329
heroes,8332
heroes,8333
heroes,8334
heroes,8334
heroes,8334
heroes,8334
heroes,8335
heroes,8338
heroes,8340
heroes,8340
heroes,8344
heroes,8345
heroes,8345
heroes,8345
heroes,8345
heroes,8346
heroes,8347
heroes,8348
heroes,8348
heroes,8349
heroes,8349
heroes,8349
heroes,8349
heroes,8351
heroes,8351
heroes,8351
heroes,8352
heroes,8353
heroes,8354
heroes,8354
heroes,8355
heroes,8356
heroes,8359
heroes,8359
heroes,8362
heroes,8362
heroes,8363
heroes,8363
heroes,8365
heroes,8365
heroes,8366
heroes,8366
heroes,8367
heroes,8368
heroes,8369
heroes,8370
heroes,8370
heroes,8370
heroes,8372
heroes,8372
heroes,8372
heroes,8372
heroes,8373
heroes,8375
heroes,8375
heroes,8375
heroes,8377
heroes,8377
heroes,8378
heroes,8378
heroes,8379
heroes,8380
heroes,8380
heroes,8382
heroes,8382
heroes,8386
heroes,8387
heroes,8387
heroes,8388
heroes,8388
heroes,8390
heroes,8391
heroes,8391
heroes,8392
heroes,8394
heroes,8394
heroes,8395
heroes,8396
heroes,8397
heroes,8397
heroes,8397
heroes,8399
heroes,8399
heroes,8401
heroes,8401
heroes,8401
heroes,8401
heroes,8401
heroes,8402
heroes,8402
heroes,8403
heroes,8405
heroes,8405
heroes,8405
heroes,8406
heroes,8407
heroes,8407
heroes,8407
heroes,8409
heroes,8409
heroes,8410
heroes,8410
heroes,8411
heroes,8411
heroes,8412
heroes,8413
heroes,8413
heroes,8414
heroes,8415
heroes,8415
heroes,8416
heroes,8416
heroes,8416
heroes,8416
heroes,8417
heroes,8417
heroes,8418
heroes,8418
heroes,8418
heroes,8418
heroes,8418
heroes,8418
heroes,8419
heroes,8419
heroes,8419
heroes,8419
heroes,8419
heroes,8421
heroes,8422
heroes,8422
heroes,8422
heroes,8422
heroes,8422
heroes,8423
heroes,8424
heroes,8424
heroes,8425
heroes,8425
heroes,8426
heroes,8426
heroes,8427
heroes,8428
heroes,8428
heroes,8429
heroes,8430
heroes,8430
heroes,8431
heroes,8431
heroes,8433
heroes,8433
heroes,8433
heroes,8434
heroes,8434
heroes,8434
heroes,8434
heroes,8435
heroes,8435
heroes,8435
heroes,8435
heroes,8435
heroes,8436
heroes,8436
heroes,8437
heroes,8437
heroes,8437
heroes,8437
heroes,8437
heroes,8438
heroes,8438
heroes,8438
heroes,8438
heroes,8438
heroes,8440
heroes,8442
heroes,8444
heroes,8444
heroes,8444
heroes,8444
heroes,8444
heroes,8444
heroes,8444
heroes,8445
heroes,8445
heroes,8445
heroes,8445
heroes,8446
heroes,8446
heroes,8447
heroes,8447
heroes,8447
heroes,8448
heroes,8448
heroes,8449
heroes,8449
heroes,8449
heroes,8450
heroes,8451
heroes,8452
heroes,8452
heroes,8452
heroes,8452
heroes,8455
heroes,8455
heroes,8456
heroes,8456
heroes,8456
heroes,8457
heroes,8457
heroes,8458
heroes,8458
heroes,8458
heroes,8458
heroes,8458
heroes,8459
heroes,8459
heroes,8460
heroes,8460
heroes,8460
heroes,8461
heroes,8461
heroes,8461
heroes,8461
heroes,8461
heroes,8461
heroes,8462
heroes,8462
heroes,8463
heroes,8463
heroes,8463
heroes,8464
heroes,8464
heroes,8464
heroes,8464
heroes,8465
heroes,8465
heroes,8465
heroes,8466
heroes,8466
heroes,8466
heroes,8467
heroes,8467
heroes,8467
heroes,8467
heroes,8467
heroes,8467
heroes,8468
heroes,8468
heroes,8468
heroes,8468
heroes,8468
heroes,8469
heroes,8469
heroes,8469
heroes,8471
heroes,8471
heroes,8471
heroes,8472
heroes,8472
heroes,8472
heroes,8473
heroes,8473
heroes,8475
heroes,8475
heroes,8476
heroes,8476
heroes,8477
heroes,8477
heroes,8477
heroes,8478
heroes,8480
heroes,8480
heroes,8480
heroes,8481
heroes,8482
heroes,8483
heroes,8483
heroes,8483
heroes,8485
heroes,8486
heroes,8487
heroes,8488
heroes,8488
heroes,8488
heroes,8489
heroes,8490
heroes,8491
heroes,8491
heroes,8491
heroes,8491
heroes,8492
heroes,8493
heroes,8493
heroes,8493
heroes,8493
heroes,8493
heroes,8494
heroes,8494
heroes,8494
heroes,8495
heroes,8495
heroes,8495
heroes,8495
heroes,8497
heroes,8497
heroes,8497
heroes,8498
heroes,8498
heroes,8499
heroes,8500
heroes,8500
heroes,8502
heroes,8505
heroes,8505
heroes,8505
heroes,8506
heroes,8506
heroes,8507
heroes,8507
heroes,8510
heroes,8510
heroes,8511
heroes,8514
heroes,8520
heroes,8521
heroes,8521
heroes,8525
heroes,8530
heroes,8531
heroes,8531
heroes,8531
heroes,8531
heroes,8533
heroes,8534
heroes,8534
heroes,8534
heroes,8535
heroes,8536
heroes,8539
heroes,8539
heroes,8540
heroes,8541
heroes,8543
heroes,8544
heroes,8544
heroes,8544
heroes,8544
heroes,8544
heroes,8545
heroes,8545
heroes,8545
heroes,8546
heroes,8547
heroes,8548
heroes,8548
heroes,8548
heroes,8550
heroes,8554
heroes,8556
heroes,8556
heroes,8556
heroes,8556
heroes,8556
heroes,8557
heroes,8558
heroes,8559
heroes,8559
heroes,8559
heroes,8560
heroes,8560
heroes,8562
heroes,8562
heroes,8563
heroes,8563
heroes,8563
heroes,8563
heroes,8564
heroes,8565
heroes,8566
heroes,8567
heroes,8568
heroes,8569
heroes,8569
heroes,8569
heroes,8570
heroes,8570
heroes,8571
heroes,8571
heroes,8572
heroes,8573
heroes,8574
heroes,8574
heroes,8574
heroes,8574
heroes,8575
heroes,8576
heroes,8576
heroes,8578
heroes,8578
heroes,8579
heroes,8581
heroes,8582
heroes,8583
heroes,8586
heroes,8586
heroes,8587
heroes,8590
heroes,8593
heroes,8593
heroes,8594
heroes,8595
heroes,8599
heroes,8601
heroes,8601
heroes,8602
heroes,8605
heroes,8605
heroes,8605
heroes,8606
heroes,8609
heroes,8611
heroes,8611
heroes,8613
heroes,8614
heroes,8615
heroes,8616
heroes,8618
heroes,8621
heroes,8624
heroes,8625
heroes,8634
heroes,8637
heroes,8639
heroes,8640
heroes,8640
heroes,8640
heroes,8640
heroes,8640
heroes,8641
heroes,8641
heroes,8641
heroes,8643
heroes,8643
heroes,8644
heroes,8646
heroes,8647
heroes,8648
heroes,8650
heroes,8650
heroes,8651
heroes,8651
heroes,8652
heroes,8653
heroes,8653
heroes,8656
heroes,8658
heroes,8660
heroes,8660
heroes,8660
heroes,8661
heroes,8661
heroes,8661
heroes,8662
heroes,8662
heroes,8662
heroes,8662
heroes,8663
heroes,8663
heroes,8664
heroes,8664
heroes,8664
heroes,8665
heroes,8665
heroes,8666
heroes,8666
heroes,8667
heroes,8669
heroes,8670
heroes,8671
heroes,8672
heroes,8672
heroes,8673
heroes,8673
heroes,8673
heroes,8673
heroes,8674
heroes,8674
heroes,8674
heroes,8675
heroes,8675
heroes,8675
heroes,8677
heroes,8679
heroes,8679
heroes,8679
heroes,8679
heroes,8685
heroes,8685
heroes,8685
heroes,8686
heroes,8687
heroes,8689
heroes,8690
heroes,8691
heroes,8692
heroes,8693
heroes,8693
heroes,8694
heroes,8694
heroes,8695
heroes,8696
heroes,8697
heroes,8697
heroes,8697
heroes,8697
heroes,8697
heroes,8698
heroes,8699
heroes,8704
heroes,8704
heroes,8706
heroes,8707
heroes,8708
heroes,8711
heroes,8712
heroes,8712
heroes,8712
heroes,8713
heroes,8714
heroes,8715
heroes,8715
heroes,8715
heroes,8715
heroes,8716
heroes,8716
heroes,8716
heroes,8718
heroes,8719
heroes,8719
heroes,8719
heroes,8720
heroes,8720
heroes,8720
heroes,8721
heroes,8722
heroes,8724
heroes,8724
heroes,8725
heroes,8725
heroes,8726
heroes,8727
heroes,8728
heroes,8729
heroes,8730
heroes,8730
heroes,8730
heroes,8730
heroes,8730
heroes,8731
heroes,8731
heroes,8731
heroes,8732
heroes,8732
heroes,8732
heroes,8733
heroes,8735
heroes,8735
heroes,8735
heroes,8735
heroes,8736
heroes,8736
heroes,8737
heroes,8737
heroes,8737
heroes,8738
heroes,8738
heroes,8739
heroes,8740
heroes,8740
heroes,8740
heroes,8740
heroes,8741
heroes,8741
heroes,8742
heroes,8742
heroes,8743
heroes,8743
heroes,8743
heroes,8743
heroes,8744
heroes,8745
heroes,8746
heroes,8746
heroes,8746
heroes,8747
heroes,8748
heroes,8748
heroes,8750
heroes,8753
heroes,8753
heroes,8753
heroes,8755
heroes,8755
heroes,8757
heroes,8757
heroes,8758
heroes,8759
heroes,8760
heroes,8761
heroes,8761
heroes,8764
heroes,8765
heroes,8765
heroes,8765
heroes,8765
heroes,8767
heroes,8767
heroes,8767
heroes,8768
heroes,8768
heroes,8768
heroes,8771
heroes,8772
heroes,8772
heroes,8775
heroes,8775
heroes,8779
heroes,8780
heroes,8781
heroes,8781
heroes,8782
heroes,8782
heroes,8786
heroes,8786
heroes,8789
heroes,8789
heroes,8791
heroes,8793
heroes,8795
heroes,8796
heroes,8796
heroes,8797
heroes,8797
heroes,8798
heroes,8799
heroes,8799
heroes,8800
heroes,8801
heroes,8802
heroes,8802
heroes,8803
heroes,8803
heroes,8804
heroes,8806
heroes,8807
heroes,8807
heroes,8808
heroes,8809
heroes,8809
heroes,8810
heroes,8812
heroes,8812
heroes,8812
heroes,8813
heroes,8815
heroes,8816
heroes,8817
heroes,8818
heroes,8820
heroes,8821
heroes,8822
heroes,8825
heroes,8828
heroes,8830
heroes,8833
heroes,8833
heroes,8838
heroes,8839
heroes,8845
heroes,8851
heroes,8851
heroes,8852
heroes,8854
heroes,8857
heroes,8863
heroes,8864
heroes,8865
heroes,8865
heroes,8868
heroes,8868
heroes,8870
heroes,8873
heroes,8877
heroes,8878
heroes,8879
heroes,8884
heroes,8885
heroes,8885
heroes,8886
heroes,8886
heroes,8887
heroes,8887
heroes,8889
heroes,8891
heroes,8894
heroes,8899
heroes,8900
heroes,8901
heroes,8901
heroes,8902
heroes,8904
heroes,8904
heroes,8905
heroes,8906
heroes,8906
heroes,8906
heroes,8908
heroes,8910
heroes,8910
heroes,8911
heroes,8911
heroes,8913
heroes,8913
heroes,8913
heroes,8913
heroes,8914
heroes,8914
heroes,8915
heroes,8915
heroes,8915
heroes,8916
heroes,8916
heroes,8917
heroes,8917
heroes,8921
heroes,8921
heroes,8921
heroes,8923
heroes,8923
heroes,8923
heroes,8923
heroes,8924
heroes,8924
heroes,8925
heroes,8925
heroes,8926
heroes,8926
heroes,8927
heroes,8928
heroes,8928
heroes,8930
heroes,8931
heroes,8931
heroes,8931
heroes,8932
heroes,8933
heroes,8933
heroes,8934
heroes,8934
heroes,8935
heroes,8936
heroes,8936
heroes,8936
heroes,8937
heroes,8937
heroes,8937
heroes,8938
heroes,8938
heroes,8940
heroes,8940
heroes,8941
heroes,8942
heroes,8944
heroes,8945
heroes,8946
heroes,8946
heroes,8952
heroes,8953
heroes,8956
heroes,8957
heroes,8957
heroes,8960
heroes,8962
heroes,8963
heroes,8965
heroes,8965
heroes,8965
heroes,8970
heroes,8971
heroes,8972
heroes,8975
heroes,8977
heroes,8981
heroes,8981
heroes,8982
heroes,8984
heroes,8986
heroes,8986
heroes,8987
heroes,8988
heroes,8989
heroes,8990
heroes,8990
heroes,8992
heroes,8992
heroes,8992
heroes,8992
heroes,8992
heroes,8992
heroes,8992
heroes,8994
heroes,8994
heroes,8994
heroes,8995
heroes,8995
heroes,8996
heroes,8996
heroes,8996
heroes,8997
heroes,8998
heroes,8998
heroes,8999
heroes,9000
heroes,9000
heroes,9002
heroes,9002
heroes,9002
heroes,9003
heroes,9003
heroes,9003
heroes,9003
heroes,9004
heroes,9004
heroes,9004
heroes,9004
heroes,9004
heroes,9005
heroes,9005
heroes,9006
heroes,9007
heroes,9007
heroes,9008
heroes,9009
heroes,9009
heroes,9010
heroes,9010
heroes,9010
heroes,9010
heroes,9010
heroes,9011
heroes,9011
heroes,9012
heroes,9012
heroes,9012
heroes,9013
heroes,9014
heroes,9014
heroes,9014
heroes,9014
heroes,9014
heroes,9015
heroes,9015
heroes,9016
heroes,9016
heroes,9016
heroes,9018
heroes,9018
heroes,9018
heroes,9019
heroes,9019
heroes,9020
heroes,9021
heroes,9021
heroes,9022
heroes,9023
heroes,9024
heroes,9024
heroes,9024
heroes,9025
heroes,9026
heroes,9026
heroes,9027
heroes,9027
heroes,9028
heroes,9029
heroes,9029
heroes,9029
heroes,9030
heroes,9030
heroes,9030
heroes,9031
heroes,9031
heroes,9032
heroes,9033
heroes,9034
heroes,9034
heroes,9035
heroes,9035
heroes,9036
heroes,9036
heroes,9036
heroes,9036
heroes,9036
heroes,9037
heroes,9037
heroes,9038
heroes,9038
heroes,9038
heroes,9039
heroes,9039
heroes,9039
heroes,9040
heroes,9040
heroes,9040
heroes,9042
heroes,9042
heroes,9042
heroes,9042
heroes,9042
heroes,9043
heroes,9043
heroes,9044
heroes,9044
heroes,9045
heroes,9045
heroes,9046
heroes,9047
heroes,9047
heroes,9048
heroes,9049
heroes,9049
heroes,9050
heroes,9050
heroes,9051
heroes,9052
heroes,9052
heroes,9052
heroes,9054
heroes,9056
heroes,9056
heroes,9057
heroes,9057
heroes,9057
heroes,9058
heroes,9058
heroes,9059
heroes,9059
heroes,9061
heroes,9062
heroes,9063
heroes,9063
heroes,9065
heroes,9065
heroes,9067
heroes,9068
heroes,9070
heroes,9070
heroes,9070
heroes,9070
heroes,9071
heroes,9071
heroes,9074
heroes,9075
heroes,9078
heroes,9079
heroes,9080
heroes,9082
heroes,9084
heroes,9086
heroes,9090
heroes,9090
heroes,9093
heroes,9097
heroes,9097
heroes,9101
heroes,9102
heroes,9103
heroes,9103
heroes,9103
heroes,9105
heroes,9107
heroes,9109
heroes,9110
heroes,9111
heroes,9111
heroes,9111
heroes,9114
heroes,9115
heroes,9116
heroes,9118
heroes,9118
heroes,9122
heroes,9126
heroes,9126
heroes,9128
heroes,9129
heroes,9129
heroes,9130
heroes,9138
heroes,9140
heroes,9141
heroes,9144
heroes,9145
heroes,9147
heroes,9147
heroes,9150
heroes,9152
heroes,9154
heroes,9157
heroes,9159
heroes,9160
heroes,9161
heroes,9161
heroes,9162
heroes,9165
heroes,9165
heroes,9166
heroes,9166
heroes,9167
heroes,9168
heroes,9170
heroes,9170
heroes,9170
heroes,9171
heroes,9171
heroes,9172
heroes,9172
heroes,9175
heroes,9176
heroes,9177
heroes,9177
heroes,9177
heroes,9178
heroes,9179
heroes,9179
heroes,9180
heroes,9182
heroes,9183
heroes,9184
heroes,9185
heroes,9185
heroes,9186
heroes,9186
heroes,9186
heroes,9187
heroes,9188
heroes,9189
heroes,9192
heroes,9193
heroes,9194
heroes,9195
heroes,9195
heroes,9196
heroes,9198
heroes,9199
heroes,9199
heroes,9199
heroes,9200
heroes,9201
heroes,9202
heroes,9203
heroes,9203
heroes,9203
heroes,9203
heroes,9205
heroes,9206
heroes,9208
heroes,9209
heroes,9209
heroes,9209
heroes,9209
heroes,9210
heroes,9210
heroes,9210
heroes,9212
heroes,9212
heroes,9213
heroes,9214
heroes,9214
heroes,9214
heroes,9214
heroes,9215
heroes,9216
heroes,9216
heroes,9216
heroes,9217
heroes,9217
heroes,9218
heroes,9220
heroes,9221
heroes,9221
heroes,9222
heroes,9222
heroes,9224
heroes,9225
heroes,9226
heroes,9228
heroes,9231
heroes,9234
heroes,9234
heroes,9234
heroes,9234
heroes,9236
heroes,9236
heroes,9241
heroes,9246
heroes,9248
heroes,9248
heroes,9249
heroes,9250
heroes,9252
heroes,9253
heroes,9253
heroes,9253
heroes,9254
heroes,9254
heroes,9254
heroes,9263
heroes,9264
heroes,9264
heroes,9265
heroes,9266
heroes,9266
heroes,9268
heroes,9269
heroes,9269
heroes,9269
heroes,9269
heroes,9270
heroes,9272
heroes,9272
heroes,9272
heroes,9273
heroes,9273
heroes,9275
heroes,9276
heroes,9281
heroes,9281
heroes,9284
heroes,9285
heroes,9285
heroes,9286
heroes,9288
heroes,9289
heroes,9290
heroes,9292
heroes,9293
heroes,9296
heroes,9299
heroes,9301
heroes,9303
heroes,9304
heroes,9305
heroes,9305
heroes,9305
heroes,9306
heroes,9306
heroes,9307
heroes,9308
heroes,9309
heroes,9311
heroes,9313
heroes,9314
heroes,9316
heroes,9316
heroes,9318
heroes,9319
heroes,9321
heroes,9321
heroes,9322
heroes,9322
heroes,9324
heroes,9324
heroes,9325
heroes,9326
heroes,9327
heroes,9329
heroes,9330
heroes,9330
heroes,9331
heroes,9331
heroes,9331
heroes,9331
heroes,9334
heroes,9334
heroes,9336
heroes,9336
heroes,9336
heroes,9336
heroes,9337
heroes,9339
heroes,9342
heroes,9345
heroes,9345
heroes,9346
heroes,9348
heroes,9348
heroes,9350
heroes,9353
heroes,9353
heroes,9354
heroes,9358
heroes,9359
heroes,9365
heroes,9365
heroes,9368
heroes,9368
heroes,9369
heroes,9369
heroes,9371
heroes,9372
heroes,9373
heroes,9375
heroes,9377
heroes,9377
heroes,9377
heroes,9380
heroes,9382
heroes,9382
heroes,9383
heroes,9385
heroes,9386
heroes,9390
heroes,9706
heroes,9711
heroes,9712
heroes,9712
heroes,9713
heroes,9715
heroes,9717
heroes,9717
heroes,9718
heroes,9719
heroes,9722
heroes,9722
heroes,9723
heroes,9723
heroes,9723
heroes,9723
heroes,9725
heroes,9726
heroes,9727
heroes,9728
heroes,9728
heroes,9730
heroes,9731
heroes,9732
heroes,9734
heroes,9735
heroes,9735
heroes,9737
heroes,9737
heroes,9738
heroes,9739
heroes,9741
heroes,9741
heroes,9743
heroes,9746
heroes,9749
heroes,9750
heroes,9753
heroes,9755
heroes,9755
heroes,9756
heroes,9756
heroes,9763
heroes,9767
heroes,9768
heroes,9769
heroes,10257
heroes,10260
heroes,10263
heroes,10265
heroes,10271
heroes,10272
heroes,10273
heroes,10274
heroes,10274
heroes,10275
heroes,10276
heroes,10277
heroes,10288
heroes,10289
heroes,10292
heroes,10292
heroes,10294
heroes,10297
heroes,10298
heroes,10302
heroes,10302
heroes,10306
heroes,10306
heroes,10308
heroes,10308
heroes,10311
heroes,10316
heroes,10316
heroes,10321
heroes,10328
heroes,10329
heroes,10331
heroes,10334
heroes,10336
heroes,10336
heroes,10337
heroes,10338
heroes,10340
heroes,10341
heroes,10343
heroes,10344
heroes,10345
heroes,10345
heroes,10346
heroes,10348
heroes,10348
heroes,10351
heroes,10351
heroes,10351
heroes,10351
heroes,10354
heroes,10357
heroes,10358
heroes,10359
heroes,10359
heroes,10360
heroes,10360
heroes,10362
heroes,10363
heroes,10364
heroes,10365
heroes,10365
heroes,10367
heroes,10368
heroes,10369
heroes,10370
heroes,10371
heroes,10372
heroes,10375
heroes,10376
heroes,10376
heroes,10377
heroes,10379
heroes,10379
heroes,10380
heroes,10382
heroes,10382
heroes,10382
heroes,10382
heroes,10384
heroes,10384
heroes,10385
heroes,10385
heroes,10386
heroes,10386
heroes,10387
heroes,10393
heroes,10393
heroes,10396
heroes,10396
heroes,10397
heroes,10398
heroes,10402
heroes,10403
heroes,10406
heroes,10407
heroes,10407
heroes,10407
heroes,10407
heroes,10410
heroes,10410
heroes,10411
heroes,10411
heroes,10411
heroes,10411
heroes,10413
heroes,10414
heroes,10416
heroes,10416
heroes,10417
heroes,10418
heroes,10419
heroes,10421
heroes,10422
heroes,10425
heroes,10426
heroes,10430
heroes,10431
heroes,10431
heroes,10433
heroes,10434
heroes,10434
heroes,10436
heroes,10439
heroes,10443
heroes,10561
heroes,10563
heroes,10567
heroes,10568
heroes,10568
heroes,10570
heroes,10575
heroes,10582
heroes,10585
heroes,10591
heroes,10596
heroes,10596
heroes,10597
heroes,10602
heroes,10604
heroes,10606
heroes,10610
heroes,10611
heroes,10611
heroes,10611
heroes,10613
heroes,10614
heroes,10614
heroes,10615
heroes,10617
heroes,10617
heroes,10617
heroes,10620
heroes,10621
heroes,10622
heroes,10622
heroes,10622
heroes,10622
heroes,10625
heroes,10626
heroes,10629
heroes,10629
heroes,10631
heroes,10631
heroes,10632
heroes,10635
heroes,10637
heroes,10638
heroes,10639
heroes,10640
heroes,10640
heroes,10641
heroes,10642
heroes,10643
heroes,10646
heroes,10646
heroes,10648
heroes,10649
heroes,10653
heroes,10654
heroes,10655
heroes,10658
heroes,10661
heroes,10662
heroes,10664
heroes,10666
heroes,10668
heroes,10670
heroes,10670
heroes,10671
heroes,10674
heroes,10675
heroes,10676
heroes,10677
heroes,10679
heroes,10684
heroes,10684
heroes,10686
heroes,10686
heroes,10690
heroes,10690
heroes,10693
heroes,10694
heroes,10694
heroes,10699
heroes,10708
heroes,10719
heroes,10720
heroes,10720
heroes,10722
heroes,10723
heroes,10724
heroes,10726
heroes,10729
heroes,10735
heroes,10735
heroes,10740
heroes,10744
heroes,10745
heroes,10747
heroes,10748
heroes,10749
heroes,10750
heroes,10750
heroes,10750
heroes,10750
heroes,10751
heroes,10751
heroes,10752
heroes,10754
heroes,10757
heroes,10757
heroes,10759
heroes,10761
heroes,10762
heroes,10765
heroes,10767
heroes,10769
heroes,10769
heroes,10770
heroes,10771
heroes,10773
heroes,10773
heroes,10773
heroes,10773
heroes,10774
heroes,10774
heroes,10775
heroes,10775
heroes,10776
heroes,10776
heroes,10777
heroes,10777
heroes,10779
heroes,10780
heroes,10780
heroes,10781
heroes,10782
heroes,10783
heroes,10784
heroes,10789
heroes,10790
heroes,10791
heroes,10791
heroes,10792
heroes,10793
heroes,10794
heroes,10796
heroes,10797
heroes,10798
heroes,10800
heroes,10802
heroes,10803
heroes,10803
heroes,10803
heroes,10811
heroes,10819
heroes,10822
heroes,10823
heroes,10826
heroes,10828
heroes,10828
heroes,10829
heroes,10829
heroes,10830
heroes,10833
heroes,10834
heroes,10835
heroes,10836
heroes,10837
heroes,10838
heroes,10838
heroes,10839
heroes,10839
heroes,10841
heroes,10842
heroes,10842
heroes,10843
heroes,10844
heroes,10844
heroes,10845
heroes,10845
heroes,10847
heroes,10849
heroes,10850
heroes,10850
heroes,10855
heroes,10857
heroes,10859
heroes,10863
heroes,10869
heroes,10871
heroes,10871
heroes,10874
heroes,10875
heroes,10875
heroes,10875
heroes,10876
heroes,10878
heroes,10883
heroes,10883
heroes,10885
heroes,10886
heroes,10887
heroes,10889
heroes,10889
heroes,10889
heroes,10892
heroes,10893
heroes,10894
heroes,10900
heroes,10900
heroes,10901
heroes,10901
heroes,10902
heroes,10904
heroes,10906
heroes,10906
heroes,10906
heroes,10906
heroes,10906
heroes,10907
heroes,10907
heroes,10908
heroes,10908
heroes,10909
heroes,10910
heroes,10910
heroes,10914
heroes,10918
heroes,10919
heroes,10919
heroes,10919
heroes,10920
heroes,10921
heroes,10922
heroes,10923
heroes,10923
heroes,10924
heroes,10925
heroes,10925
heroes,10926
heroes,10926
heroes,10926
heroes,10926
heroes,10927
heroes,10928
heroes,10930
heroes,10930
heroes,10930
heroes,10932
heroes,10935
heroes,10937
heroes,10938
heroes,10938
heroes,10939
heroes,10940
heroes,10940
heroes,10943
heroes,10944
heroes,10946
heroes,10946
heroes,10950
heroes,10953
heroes,10953
heroes,10958
heroes,10960
heroes,10965
heroes,10966
heroes,10967
heroes,10979
heroes,10985
heroes,10985
heroes,10999
heroes,11002
heroes,11004
heroes,11005
heroes,11009
heroes,11010
heroes,11011
heroes,11011
heroes,11012
heroes,11012
heroes,11012
heroes,11012
heroes,11012
heroes,11013
heroes,11014
heroes,11014
heroes,11014
heroes,11015
heroes,11023
heroes,11024
heroes,11026
heroes,11031
heroes,11034
heroes,11037
heroes,11037
heroes,11038
heroes,11044
heroes,11045
heroes,11049
heroes,11050
heroes,11050
heroes,11050
heroes,11051
heroes,11051
heroes,11052
heroes,11052
heroes,11053
heroes,11053
heroes,11054
heroes,11055
heroes,11058
heroes,11060
heroes,11061
heroes,11074
heroes,11076
heroes,11076
heroes,11082
heroes,11082
heroes,11084
heroes,11085
heroes,11085
heroes,11086
heroes,11094
heroes,11094
heroes,11095
heroes,11096
heroes,11099
heroes,11100
heroes,11100
heroes,11105
heroes,11106
heroes,11109
heroes,11110
heroes,11111
heroes,11111
heroes,11111
heroes,11116
heroes,11116
heroes,11118
heroes,11119
heroes,11121
heroes,11121
heroes,11124
heroes,11125
heroes,11127
heroes,11128
heroes,11130
heroes,11130
heroes,11132
heroes,11134
heroes,11138
heroes,11138
heroes,11139
heroes,11141
heroes,11142
heroes,11142
heroes,11148
heroes,11150
heroes,11151
heroes,11151
heroes,11151
heroes,11152
heroes,11152
heroes,11152
heroes,11153
heroes,11153
heroes,11156
heroes,11157
heroes,11158
heroes,11159
heroes,11159
heroes,11160
heroes,11160
heroes,11160
heroes,11161
heroes,11161
heroes,11166
heroes,11170
heroes,11171
heroes,11172
heroes,11172
heroes,11173
heroes,11173
heroes,11173
heroes,11174
heroes,11176
heroes,11177
heroes,11179
heroes,11179
heroes,11179
heroes,11181
heroes,11181
heroes,11182
heroes,11186
heroes,11186
heroes,11186
heroes,11186
heroes,11187
heroes,11188
heroes,11189
heroes,11190
heroes,11191
heroes,11191
heroes,11193
heroes,11194
heroes,11194
heroes,11194
heroes,11195
heroes,11197
heroes,11198
heroes,11198
heroes,11204
heroes,11205
heroes,11206
heroes,11207
heroes,11208
heroes,11209
heroes,11210
heroes,11210
heroes,11211
heroes,11211
heroes,11211
heroes,11212
heroes,11212
heroes,11213
heroes,11213
heroes,11213
heroes,11215
heroes,11216
heroes,11216
heroes,11217
heroes,11218
heroes,11219
heroes,11224
heroes,11225
heroes,11225
heroes,11225
heroes,11227
heroes,11228
heroes,11228
heroes,11232
heroes,11234
heroes,11234
heroes,11234
heroes,11235
heroes,11235
heroes,11237
heroes,11238
heroes,11238
heroes,11242
heroes,11242
heroes,11242
heroes,11243
heroes,11244
heroes,11245
heroes,11245
heroes,11247
heroes,11248
heroes,11249
heroes,11250
heroes,11251
heroes,11251
heroes,11254
heroes,11257
heroes,11261
heroes,11262
heroes,11263
heroes,11263
heroes,11267
heroes,11267
heroes,11268
heroes,11268
heroes,11269
heroes,11270
heroes,11270
heroes,11271
heroes,11272
heroes,11272
heroes,11279
heroes,11281
heroes,11282
heroes,11285
heroes,11286
heroes,11286
heroes,11287
heroes,11288
heroes,11288
heroes,11289
heroes,11289
heroes,11290
heroes,11290
heroes,11291
heroes,11292
heroes,11295
heroes,11298
heroes,11299
heroes,11301
heroes,11301
heroes,11303
heroes,11305
heroes,11307
heroes,11308
heroes,11309
heroes,11310
heroes,11311
heroes,11313
heroes,11313
heroes,11313
heroes,11315
heroes,11315
heroes,11318
heroes,11320
heroes,11321
heroes,11324
heroes,11326
heroes,11328
heroes,11332
heroes,11335
heroes,11339
heroes,11340
heroes,11340
heroes,11340
heroes,11342
heroes,11343
heroes,11348
heroes,11350
heroes,11352
heroes,11352
heroes,11352
heroes,11352
heroes,11353
heroes,11355
heroes,11355
heroes,11356
heroes,11356
heroes,11356
heroes,11356
heroes,11357
heroes,11357
heroes,11358
heroes,11358
heroes,11359
heroes,11360
heroes,11361
heroes,11362
heroes,11367
heroes,11368
heroes,11371
heroes,11372
heroes,11373
heroes,11376
heroes,11378
heroes,11378
heroes,11378
heroes,11378
heroes,11379
heroes,11379
heroes,11379
heroes,11379
heroes,11380
heroes,11382
heroes,11382
heroes,11383
heroes,11384
heroes,11385
heroes,11387
heroes,11390
heroes,11390
heroes,11393
heroes,11394
heroes,11395
heroes,11395
heroes,11399
heroes,11400
heroes,11402
heroes,11402
heroes,11402
heroes,11404
heroes,11404
heroes,11404
heroes,11405
heroes,11406
heroes,11409
heroes,11409
heroes,11414
heroes,11416
heroes,11418
heroes,11419
heroes,11419
heroes,11420
heroes,11421
heroes,11422
heroes,11422
heroes,11424
heroes,11425
heroes,11426
heroes,11429
heroes,11429
heroes,11429
heroes,11431
heroes,11432
heroes,11434
heroes,11435
heroes,11435
heroes,11437
heroes,11437
heroes,11440
heroes,11440
heroes,11441
heroes,11443
heroes,11452
heroes,11453
heroes,11454
heroes,11455
heroes,11455
heroes,11455
heroes,11457
heroes,11457
heroes,11458
heroes,11459
heroes,11459
heroes,11460
heroes,11461
heroes,11461
heroes,11461
heroes,11462
heroes,11464
heroes,11464
heroes,11465
heroes,11465
heroes,11465
heroes,11466
heroes,11466
heroes,11466
heroes,11467
heroes,11469
heroes,11470
heroes,11470
heroes,11470
heroes,11470
heroes,11471
heroes,11474
heroes,11475
heroes,11476
heroes,11476
heroes,11476
heroes,11476
heroes,11477
heroes,11478
heroes,11478
heroes,11478
heroes,11478
heroes,11479
heroes,11480
heroes,11480
heroes,11481
heroes,11481
heroes,11481
heroes,11481
heroes,11482
heroes,11482
heroes,11483
heroes,11483
heroes,11485
heroes,11487
heroes,11488
heroes,11488
heroes,11490
heroes,11492
heroes,11493
heroes,11495
heroes,11496
heroes,11497
heroes,11497
heroes,11498
heroes,11499
heroes,11499
heroes,11499
heroes,11500
heroes,11501
heroes,11502
heroes,11502
heroes,11504
heroes,11505
heroes,11505
heroes,11505
heroes,11505
heroes,11505
heroes,11507
heroes,11507
heroes,11507
heroes,11509
heroes,11510
heroes,11510
heroes,11513
heroes,11514
heroes,11514
heroes,11515
heroes,11516
heroes,11519
heroes,11520
heroes,11525
heroes,11526
heroes,11526
heroes,11527
heroes,11528
heroes,11528
heroes,11528
heroes,11530
heroes,11530
heroes,11531
heroes,11531
heroes,11531
heroes,11531
heroes,11532
heroes,11532
heroes,11533
heroes,11533
heroes,11533
heroes,11534
heroes,11535
heroes,11538
heroes,11539
heroes,11542
heroes,11543
heroes,11543
heroes,11544
heroes,11544
heroes,11544
heroes,11547
heroes,11550
heroes,11550
heroes,11553
heroes,11554
heroes,11556
heroes,11560
heroes,11565
heroes,11565
heroes,11575
heroes,11576
heroes,11577
heroes,11583
heroes,11584
heroes,11584
heroes,11589
heroes,11594
heroes,11595
heroes,11595
heroes,11598
heroes,11599
heroes,11601
heroes,11601
heroes,11603
heroes,11603
heroes,11606
heroes,11606
heroes,11608
heroes,11610
heroes,11610
heroes,11611
heroes,11611
heroes,11612
heroes,11612
heroes,11613
heroes,11615
heroes,11615
heroes,11616
heroes,11616
heroes,11617
heroes,11618
heroes,11618
heroes,11619
heroes,11619
heroes,11620
heroes,11621
heroes,11621
heroes,11622
heroes,11623
heroes,11623
heroes,11624
heroes,11625
heroes,11626
heroes,11626
heroes,11627
heroes,11628
heroes,11629
heroes,11629
heroes,11630
heroes,11631
heroes,11631
heroes,11633
heroes,11633
heroes,11635
heroes,11641
heroes,11642
heroes,11643
heroes,11644
heroes,11644
heroes,11647
heroes,11653
heroes,11656
heroes,11658
heroes,11661
heroes,11667
heroes,11670
heroes,11671
heroes,11676
heroes,11692
heroes,11695
heroes,11698
heroes,11699
heroes,11701
heroes,11705
heroes,11710
heroes,11711
heroes,11712
heroes,11716
heroes,11719
heroes,11720
heroes,11720
heroes,11720
heroes,11727
heroes,11733
heroes,11736
heroes,11736
heroes,11739
heroes,11745
heroes,11746
heroes,11748
heroes,11751
heroes,11763
heroes,11766
heroes,11767
heroes,11775
heroes,11776
heroes,11779
heroes,11796
heroes,11798
heroes,11801
heroes,11806
heroes,11811
heroes,11815
heroes,11817
heroes,11821
heroes,11822
heroes,11833
heroes,11835
heroes,11839
heroes,11841
heroes,11844
heroes,11846
heroes,11846
heroes,11846
heroes,11847
heroes,11851
heroes,11851
heroes,11852
heroes,11854
heroes,11856
heroes,11858
heroes,11858
heroes,11859
heroes,11860
heroes,11860
heroes,11860
heroes,11861
heroes,11861
heroes,11862
heroes,11863
heroes,11863
heroes,11864
heroes,11864
heroes,11872
heroes,11877
heroes,11879
heroes,11879
heroes,11880
heroes,11881
heroes,11881
heroes,11884
heroes,11889
heroes,11889
heroes,11890
heroes,11894
heroes,11894
heroes,11895
heroes,11895
heroes,11897
heroes,11905
heroes,11908
heroes,11920
heroes,11920
heroes,11922
heroes,11929
heroes,11930
heroes,11931
heroes,11936
heroes,11941
heroes,11943
heroes,11946
heroes,11950
heroes,11951
heroes,11955
heroes,11955
heroes,11955
heroes,11955
heroes,11956
heroes,11956
heroes,11963
heroes,11965
heroes,11967
heroes,11967
heroes,11968
heroes,11972
heroes,11980
heroes,11983
heroes,11984
heroes,11986
heroes,11988
heroes,11997
heroes,11997
heroes,11998
heroes,11999
heroes,12000
heroes,12000
heroes,12001
heroes,12002
heroes,12004
heroes,12005
heroes,12007
heroes,12007
heroes,12009
heroes,12009
heroes,12009
heroes,12009
heroes,12009
heroes,12010
heroes,12013
heroes,12014
heroes,12014
heroes,12022
heroes,12026
heroes,12027
heroes,12027
heroes,12027
heroes,12027
heroes,12032
heroes,12036
heroes,12040
heroes,12043
heroes,12045
heroes,12047
heroes,12048
heroes,12050
heroes,12050
heroes,12072
heroes,12077
heroes,12081
heroes,12083
heroes,12088
heroes,12088
heroes,12088
heroes,12088
heroes,12089
heroes,12097
heroes,12101
heroes,12104
heroes,12105
heroes,12106
heroes,12106
heroes,12108
heroes,12110
heroes,12113
heroes,12114
heroes,12115
heroes,12117
heroes,12117
heroes,12123
heroes,12123
heroes,12124
heroes,12128
heroes,12128
heroes,12129
heroes,12131
heroes,12131
heroes,12134
heroes,12135
heroes,12138
heroes,12140
heroes,12151
heroes,12162
heroes,12163
heroes,12169
heroes,12169
heroes,12169
heroes,12177
heroes,12177
heroes,12178
heroes,12180
heroes,12182
heroes,12182
heroes,12182
heroes,12183
heroes,12185
heroes,12186
heroes,12188
heroes,12189
heroes,12193
heroes,12195
heroes,12195
heroes,12196
heroes,12196
heroes,12197
heroes,12197
heroes,12197
heroes,12198
heroes,12198
heroes,12199
heroes,12200
heroes,12201
heroes,12201
heroes,12202
heroes,12202
heroes,12203
heroes,12204
heroes,12204
heroes,12204
heroes,12205
heroes,12205
heroes,12205
heroes,12205
heroes,12205
heroes,12206
heroes,12206
heroes,12206
heroes,12207
heroes,12208
heroes,12210
heroes,12210
heroes,12210
heroes,12211
heroes,12212
heroes,12212
heroes,12212
heroes,12213
heroes,12217
heroes,12217
heroes,12222
heroes,12223
heroes,12225
heroes,12226
heroes,12228
heroes,12228
heroes,12228
heroes,12229
heroes,12235
heroes,12235
heroes,12236
heroes,12237
heroes,12238
heroes,12238
heroes,12239
heroes,12239
heroes,12239
heroes,12240
heroes,12240
heroes,12240
heroes,12241
heroes,12241
heroes,12242
heroes,12242
heroes,12243
heroes,12243
heroes,12244
heroes,12244
heroes,12244
heroes,12245
heroes,12245
heroes,12245
heroes,12247
heroes,12248
heroes,12248
heroes,12249
heroes,12249
heroes,12249
heroes,12249
heroes,12250
heroes,12251
heroes,12252
heroes,12252
heroes,12252
heroes,12253
heroes,12253
heroes,12254
heroes,12256
heroes,12256
heroes,12256
heroes,12257
heroes,12257
heroes,12259
heroes,12261
heroes,12265
heroes,12267
heroes,12268
heroes,12268
heroes,12269
heroes,12270
heroes,12271
heroes,12273
heroes,12275
heroes,12275
heroes,12276
heroes,12278
heroes,12278
heroes,12278
heroes,12285
heroes,12291
heroes,12299
heroes,12300
heroes,12300
heroes,12306
heroes,12309
heroes,12311
heroes,12312
heroes,12315
heroes,12315
heroes,12315
heroes,12317
heroes,12318
heroes,12318
heroes,12318
heroes,12324
heroes,12326
heroes,12327
heroes,12328
heroes,12330
heroes,12333
heroes,12333
heroes,12336
heroes,12337
heroes,12337
heroes,12337
heroes,12339
heroes,12339
heroes,12339
heroes,12339
heroes,12341
heroes,12341
heroes,12342
heroes,12342
heroes,12343
heroes,12344
heroes,12345
heroes,12346
heroes,12346
heroes,12346
heroes,12346
heroes,12350
heroes,12350
heroes,12352
heroes,12352
heroes,12352
heroes,12352
heroes,12353
heroes,12354
heroes,12355
heroes,12355
heroes,12356
heroes,12358
heroes,12359
heroes,12359
heroes,12360
heroes,12360
heroes,12362
heroes,12362
heroes,12363
heroes,12364
heroes,12366
heroes,12367
heroes,12367
heroes,12369
heroes,12369
heroes,12370
heroes,12372
heroes,12372
heroes,12374
heroes,12376
heroes,12378
heroes,12378
heroes,12378
heroes,12380
heroes,12380
heroes,12386
heroes,12387
heroes,12388
heroes,12388
heroes,12391
heroes,12392
heroes,12394
heroes,12395
heroes,12396
heroes,12399
heroes,12403
heroes,12403
heroes,12403
heroes,12403
heroes,12405
heroes,12409
heroes,12409
heroes,12410
heroes,12410
heroes,12413
heroes,12413
heroes,12415
heroes,12415
heroes,12417
heroes,12418
heroes,12421
heroes,12422
heroes,12423
heroes,12424
heroes,12424
heroes,12424
heroes,12427
heroes,12430
heroes,12432
heroes,12432
heroes,12434
heroes,12439
heroes,12440
heroes,12442
heroes,12443
heroes,12444
heroes,12444
heroes,12445
heroes,12445
heroes,12445
heroes,12447
heroes,12452
heroes,12453
heroes,12455
heroes,12457
heroes,12457
heroes,12457
heroes,12462
heroes,12462
heroes,12462
heroes,12465
heroes,12466
heroes,12468
heroes,12472
heroes,12472
heroes,12473
heroes,12474
heroes,12474
heroes,12476
heroes,12476
heroes,12477
heroes,12478
heroes,12481
heroes,12482
heroes,12483
heroes,12483
heroes,12484
heroes,12484
heroes,12485
heroes,12485
heroes,12485
heroes,12485
heroes,12486
heroes,12489
heroes,12489
heroes,12490
heroes,12492
heroes,12494
heroes,12496
heroes,12497
heroes,12497
heroes,12498
heroes,12500
heroes,12501
heroes,12502
heroes,12502
heroes,12502
heroes,12503
heroes,12503
heroes,12504
heroes,12506
heroes,12510
heroes,12510
heroes,12512
heroes,12512
heroes,12514
heroes,12514
heroes,12515
heroes,12515
heroes,12516
heroes,12517
heroes,12518
heroes,12521
heroes,12523
heroes,12524
heroes,12524
heroes,12525
heroes,12525
heroes,12526
heroes,12526
heroes,12528
heroes,12529
heroes,12529
heroes,12529
heroes,12530
heroes,12530
heroes,12531
heroes,12531
heroes,12533
heroes,12536
heroes,12536
heroes,12538
heroes,12539
heroes,12539
heroes,12539
heroes,12539
heroes,12540
heroes,12540
heroes,12541
heroes,12541
heroes,12546
heroes,12547
heroes,12547
heroes,12547
heroes,12548
heroes,12548
heroes,12549
heroes,12549
heroes,12550
heroes,12551
heroes,12553
heroes,12554
heroes,12558
heroes,12558
heroes,12559
heroes,12559
heroes,12560
heroes,12561
heroes,12561
heroes,12562
heroes,12562
heroes,12564
heroes,12565
heroes,12566
heroes,12567
heroes,12568
heroes,12568
heroes,12569
heroes,12569
heroes,12570
heroes,12571
heroes,12573
heroes,12576
heroes,12577
heroes,12578
heroes,12579
heroes,12580
heroes,12581
heroes,12583
heroes,12584
heroes,12586
heroes,12587
heroes,12587
heroes,12589
heroes,12589
heroes,12589
heroes,12590
heroes,12592
heroes,12594
heroes,12594
heroes,12594
heroes,12595
heroes,12596
heroes,12597
heroes,12599
heroes,12603
heroes,12603
heroes,12605
heroes,12606
heroes,12607
heroes,12607
heroes,12611
heroes,12612
heroes,12612
heroes,12612
heroes,12613
heroes,12613
heroes,12614
heroes,12618
heroes,12618
heroes,12618
heroes,12619
heroes,12619
heroes,12619
heroes,12620
heroes,12620
heroes,12620
heroes,12621
heroes,12621
heroes,12622
heroes,12622
heroes,12622
heroes,12623
heroes,12623
heroes,12624
heroes,12624
heroes,12624
heroes,12625
heroes,12627
heroes,12627
heroes,12628
heroes,12629
heroes,12630
heroes,12630
heroes,12630
heroes,12631
heroes,12633
heroes,12633
heroes,12634
heroes,12635
heroes,12636
heroes,12637
heroes,12637
heroes,12638
heroes,12638
heroes,12638
heroes,12639
heroes,12639
heroes,12639
heroes,12639
heroes,12639
heroes,12641
heroes,12643
heroes,12645
heroes,12645
heroes,12645
heroes,12648
heroes,12649
heroes,12650
heroes,12652
heroes,12652
heroes,12653
heroes,12654
heroes,12655
heroes,12656
heroes,12657
heroes,12658
heroes,12660
heroes,12660
heroes,12661
heroes,12662
heroes,12663
heroes,12666
heroes,12670
heroes,12671
heroes,12672
heroes,12674
heroes,12675
heroes,12675
heroes,12676
heroes,12676
heroes,12678
heroes,12678
heroes,12679
heroes,12682
heroes,12682
heroes,12683
heroes,12683
heroes,12685
heroes,12686
heroes,12687
heroes,12687
heroes,12691
heroes,12692
heroes,12696
heroes,12700
heroes,12703
heroes,12708
heroes,12708
heroes,12714
heroes,12715
heroes,12717
heroes,12728
heroes,12733
heroes,12735
heroes,12739
heroes,12742
heroes,12742
heroes,12743
heroes,12744
heroes,12745
heroes,12745
heroes,12745
heroes,12746
heroes,12746
heroes,12747
heroes,12747
heroes,12748
heroes,12751
heroes,12753
heroes,12758
heroes,12764
heroes,12766
heroes,12771
heroes,12773
heroes,12773
heroes,12777
heroes,12778
heroes,12780
heroes,12780
heroes,12781
heroes,12783
heroes,12785
heroes,12788
heroes,12790
heroes,12791
heroes,12791
heroes,12793
heroes,12795
heroes,12795
heroes,12795
heroes,12798
heroes,12799
heroes,12799
heroes,12800
heroes,12801
heroes,12802
heroes,12804
heroes,12805
heroes,12806
heroes,12806
heroes,12808
heroes,12809
heroes,12810
heroes,NaN
